جمعية كيفان التعاونية	coop
جمعية الشامية التعاونية	coop
جمعية القادسية التعاونية	coop
جمعية الفيحاء التعاونية	coop
جمعية الروضة التعاونية	coop
جمعية العديلية التعاونية	coop
جمعية الخالدية التعاونية	coop
جمعية اليرموك التعاونية	coop
جمعية قرطبة التعاونية	coop
جمعية السرة التعاونية	coop
جمعية الشويخ التعاونية	coop
جمعية الدسمة التعاونية	coop
جمعية الدعية التعاونية	coop
جمعية المنصورية التعاونية	coop
جمعية بنيد القار التعاونية	coop
جمعية دسمان التعاونية	coop
جمعية الشعب التعاونية	coop
جمعية مشرف التعاونية	coop
جمعية بيان التعاونية	coop
جمعية سلوى التعاونية	coop
جمعية الرميثية التعاونية	coop
جمعية السالمية التعاونية	coop
جمعية حولي التعاونية	coop
جمعية الجابرية التعاونية	coop
جمعية الفنطاس التعاونية	coop
جمعية الفحيحيل التعاونية	coop
جمعية المنقف التعاونية	coop
جمعية أبو حليفة التعاونية	coop
جمعية الأحمدي التعاونية	coop
جمعية الجهراء التعاونية	coop
جمعية الفردوس التعاونية	coop
جمعية العارضية التعاونية	coop
جمعية صباح الناصر التعاونية	coop
جمعية الصليبخات التعاونية	coop
جمعية الدوحة التعاونية	coop
جمعية النهضة التعاونية	coop
جمعية جليب الشيوخ التعاونية	coop
جمعية الفروانية التعاونية	coop
جمعية خيطان التعاونية	coop
جمعية العمرية التعاونية	coop
جمعية الرابية التعاونية	coop
جمعية إشبيلية التعاونية	coop
جمعية الرقعي التعاونية	coop
جمعية الأندلس التعاونية	coop
جمعية الرحاب التعاونية	coop
جمعية حطين التعاونية	coop
جمعية الزهراء التعاونية	coop
جمعية الشهداء التعاونية	coop
جمعية الصديق التعاونية	coop
جمعية السلام التعاونية	coop
جمعية صباح السالم التعاونية	coop
جمعية المسيلة التعاونية	coop
جمعية أبو فطيرة التعاونية	coop
جمعية الفنيطيس التعاونية	coop
جمعية مبارك الكبير التعاونية	coop
جمعية القرين التعاونية	coop
جمعية العدان التعاونية	coop
جمعية القصور التعاونية	coop
جمعية الصباحية التعاونية	coop
جمعية الرقة التعاونية	coop
جمعية هدية التعاونية	coop
جمعية جابر العلي التعاونية	coop
جمعية الظهر التعاونية	coop
جمعية ضاحية عبدالله السالم التعاونية	coop
جمعية النزهة التعاونية	coop
جمعية مبارك العبدالله التعاونية	coop
جمعية سعد العبدالله التعاونية	coop
جمعية جابر الأحمد التعاونية	coop
جمعية النسيم التعاونية	coop
جمعية الواحة التعاونية	coop
جمعية العيون التعاونية	coop
جمعية تيماء التعاونية	coop
جمعية القيروان التعاونية	coop
جمعية غرناطة التعاونية	coop
جمعية الوفرة التعاونية	coop
جمعية الخيران التعاونية	coop
جمعية الزور التعاونية	coop
جمعية الشعب البحري التعاونية	coop
جمعية أم الهيمان التعاونية	coop
جمعية الصليبية التعاونية	coop
جمعية كبد التعاونية	coop
جمعية الجليعة التعاونية	coop
جمعية بنيدر التعاونية	coop
جمعية النويصيب التعاونية	coop
جمعية العبدلي التعاونية	coop
جمعية القصر التعاونية	coop
نادي الكويت الرياضي	club
نادي القادسية الرياضي	club
النادي العربي الرياضي	club
نادي كاظمة الرياضي	club
نادي السالمية الرياضي	club
نادي التضامن الرياضي	club
نادي الجهراء الرياضي	club
نادي الفحيحيل الرياضي	club
نادي اليرموك الرياضي	club
نادي الساحل الرياضي	club
نادي خيطان الرياضي	club
نادي الصليبخات الرياضي	club
نادي الشباب الرياضي	club
نادي النصر الرياضي	club
نادي برقان الرياضي	club
نادي الشامية الرياضي	club
نادي الصباح الرياضي	club
نادي الصداقة الرياضي	club
نادي الفتاة الرياضي	club
نادي اليخوت	club
النادي البحري الرياضي الكويتي	club
نادي الرماية	club
نادي الفروسية	club
نادي الجولف صحارى	club
نادي المعاقين الرياضي	club
استاد جابر الأحمد الدولي	club
استاد محمد الحمد	club
استاد الصداقة والسلام	club
استاد علي صباح السالم	club
استاد ثامر	club
استاد مبارك العيار	club
استاد عبدالله الخليفة	club
استاد الشباب	club
استاد ناصر العصيمي	club
مجمع الشيخ سعد العبدالله الرياضي	club
مركز الشيخ صباح الأحمد الأولمبي	club
مضمار سباق الخيل الجهراء	club
حلبة الكويت للسباقات	club
أبراج الكويت	building
برج التحرير	building
برج الحمراء	building
برج الراية	building
أبراج البنك الوطني	building
مقر بنك الكويت الوطني	building
بنك الكويت المركزي	building
برج كيبكو	building
برج التجارية	building
برج الشهيد	building
أبراج السور	building
برج بيتك	building
بيت التمويل الكويتي	building
برج الجون	building
أبراج التجارية	building
برج الحمراء التجاري	building
مجمع الوزارات	building
قصر العدل	building
مجلس الأمة	building
مركز الشيخ جابر الأحمد الثقافي	building
مركز الشيخ عبدالله السالم الثقافي	building
المركز العلمي	building
المتحف الوطني	building
دار الآثار الإسلامية	building
بيت السدو	building
متحف الفن الحديث	building
مكتبة الكويت الوطنية	building
المتحف البحري	building
قصر نايف	building
بيت البدر	building
بيت ديكسون	building
مسجد الدولة الكبير	building
مسجد فاطمة	building
مسجد الشيخ ناصر الصباح	building
مسجد بلال بن رباح	building
مسجد الإمام الحسين	building
مطار الكويت الدولي	building
مبنى الركاب 4	building
صالة الشيخ سعد	building
مستشفى الأميري	building
مستشفى مبارك الكبير	building
مستشفى جابر الأحمد	building
مستشفى الصباح	building
مستشفى الرازي	building
مستشفى ابن سينا	building
مستشفى العدان	building
مستشفى الفروانية	building
مستشفى الجهراء	building
مستشفى الولادة	building
مركز الكويت لمكافحة السرطان	building
جامعة الكويت الشدادية	building
جامعة الكويت الخالدية	building
جامعة الكويت الشويخ	building
كلية الهندسة والبترول	building
الجامعة الأمريكية في الكويت	building
جامعة الخليج للعلوم والتكنولوجيا	building
الجامعة الأسترالية	building
كلية الكويت التقنية	building
الهيئة العامة للتعليم التطبيقي	building
الأفنيوز	building
مارينا مول	building
360 مول	building
الكوت مول	building
مجمع المهلب	building
مجمع الفنار	building
مجمع الصالحية	building
سوق شرق	building
سوق المباركية	building
مول البيرق	building
مجمع الأسواق	building
جراند أفنيو	building
بروميناد مول	building
مجمع الحمراء	building
سوق الوطية	building
مجمع الري	building
مجمع الحرية	building
الرايا مول	building
ديسكفري مول	building
مجمع ليلى جاليري	building
أبراج الجزيرة	building
مجمع الليوان	building
أرض المعارض مشرف	building
الجزيرة الخضراء	building
حديقة الشهيد	building
أكوا بارك	building
حديقة الشعب الترفيهية	building
المدينة الترفيهية	building
حديقة حولي	building
الحديقة الحيوانية	building
حديقة النافورة الموسيقية	building
شاطئ المسيلة	building
شاطئ الرميثية	building
واجهة الكويت البحرية	building
منتزه الخيران	building
كويت ماجيك	building
حديقة الصداقة والسلام	building
قرية يوم البحار	building
ميناء الشويخ	building
ميناء الشعيبة	building
ميناء الدوحة	building
ميناء الأحمدي	building
جسر الشيخ جابر الأحمد	building
جسر جابر	building
طريق الفحيحيل السريع	building
دوار الأمم المتحدة	building
دوار الشيراتون	building
فندق شيراتون الكويت	building
فندق الفورسيزونز	building
فندق جميرا شاطئ المسيلة	building
فندق كراون بلازا	building
فندق سيمفوني ستايل	building
فندق ماريوت كورت يارد	building
فندق ريجنسي	building
فندق موفنبيك البدع	building
فندق راديسون بلو	building
فندق هيلتون الكويت	building
منتجع الجون	building
بورصة الكويت	building
غرفة تجارة وصناعة الكويت	building
مؤسسة الكويت للتقدم العلمي	building
شركة نفط الكويت	building
مؤسسة البترول الكويتية	building
مؤسسة الخطوط الجوية الكويتية	building
مبنى تلفزيون الكويت	building
وزارة الإعلام	building
مركز الشيخ جابر العلي	building
مجمع البنوك	building
مبنى الاتصالات	building
بيت لوذان	building
قصر السلام	building
مركز الحمراء	building
قاعة الشيخ جابر الأحمد للرياضة	building
الصالة الأولمبية	building
جمعية الهلال الأحمر الكويتي	building
مقبرة الصليبخات	building
سوق الجمعة	building
المسلخ	building
السالمية	area
حولي	area
الجابرية	area
الشامية	area
القادسية	area
الفيحاء	area
الروضة	area
العديلية	area
الخالدية	area
اليرموك	area
قرطبة	area
السرة	area
الشويخ	area
الدسمة	area
الدعية	area
المنصورية	area
بنيد القار	area
دسمان	area
شرق	area
المرقاب	area
القبلة	area
الصالحية	area
مشرف	area
بيان	area
سلوى	area
الرميثية	area
الشعب	area
الفنطاس	area
الفحيحيل	area
المنقف	area
أبو حليفة	area
الأحمدي	area
الجهراء	area
الفردوس	area
العارضية	area
صباح الناصر	area
الصليبخات	area
الدوحة	area
النهضة	area
جليب الشيوخ	area
الفروانية	area
خيطان	area
العمرية	area
الرابية	area
إشبيلية	area
الرقعي	area
الأندلس	area
الرحاب	area
حطين	area
الزهراء	area
الشهداء	area
الصديق	area
السلام	area
صباح السالم	area
المسيلة	area
أبو فطيرة	area
الفنيطيس	area
مبارك الكبير	area
القرين	area
العدان	area
القصور	area
الزور	area
الخيران	area
الوفرة	area
الصباحية	area
الرقة	area
هدية	area
جابر العلي	area
الظهر	area
الشعيبة	area
ميناء عبدالله	area
الضباعية	area
الجليعة	area
بنيدر	area
النويصيب	area
كبد	area
الصليبية	area
أمغرة	area
العبدلي	area
جزيرة بوبيان	area
جزيرة فيلكا	area
مدينة صباح الأحمد	area
مدينة الخيران	area
جابر الأحمد	area
سعد العبدالله	area
النسيم	area
القصر	area
الواحة	area
العيون	area
تيماء	area
القيروان	area
غرناطة	area
الشدادية	area
ضاحية عبدالله السالم	area
النزهة	area
مبارك العبدالله	area
الوفرة الزراعية	area
كاظمة	area
الجهراء القديمة	area
المسجد الكبير	area
مركز جابر الأحمد الثقافي	area
استاد جابر الأحمد	area
قصر السيف	area
القصر الأحمر	area
مستشفى جابر	area
قصر بيان	area
نادي القادسية	area
النادي العربي	area
جسر الشيخ جابر	area
حديقة الحيوان	area
مصفاة الأحمدي	area
مركز المعارض مشرف	area
السفارة الأمريكية	area
نادي كاظمة	area
قصر دسمان	area
بوابة الشامية	area
سوق الصفاة	area
ساحة الصفاة	area
جامعة الخليج	area
ستاد الصداقة والسلام	area
مجمع الأفنيوز	area
الحديقة النباتية	area
دار الأوبرا	area
مشروع المسيلة	area
الجسر الأول	area
شارع الخليج العربي	area
جزيرة كبر	area
مركز السلطان	area
نادي السالمية	area
نادي التضامن	area
نادي الجهراء	area
نادي الفحيحيل	area
أرض المعارض	area
مدينة الأعمال	area
كواليتي بارك	area
مستشفى الطب النفسي	area
مطار الكويت مبنى الركاب 4	area
جامعة الكويت خالدية	area
كلية الشريعة	area
كلية الهندسة	area
الخيران ريزورت	area
شاليهات بنيدر	area
مضمار الكويت للسباق	area
نادي المشاة	area
مضمار سباق الخيل	area
حلبة كارتينج	area
