التصنيف,المستوى,السؤال,الإجابة,الموضوع
من القائل؟,سهل,من قائل: «إذا الشعبُ يوماً أراد الحياة * فلا بدّ أن يستجيب القدر»؟,أبو القاسم الشابي,الموسوعة ص944
من القائل؟,سهل,من قائل: «أنا الذي نظر الأعمى إلى أدبي * وأسمعت كلماتي من به صمم»؟,المتنبي,الموسوعة ص947
من القائل؟,سهل,من قائل: «وما نيلُ المطالبِ بالتمنّي * ولكن تُؤخذ الدنيا غِلابا»؟,أحمد شوقي,الموسوعة ص951
من القائل؟,سهل,من قائل: «الأمُّ مدرسةٌ إذا أعددتَها * أعددتَ شعباً طيّبَ الأعراق»؟,حافظ إبراهيم,الموسوعة ص945
من القائل؟,سهل,من قائل: «نحن قومٌ أعزّنا الله بالإسلام، فمهما ابتغينا العزّة بغيره أذلّنا الله»؟,عمر بن الخطاب,الموسوعة ص942
من القائل؟,سهل,من قائل: «الدنيا مسرح كبير، وكلّ الرجال والنساء ممثّلون»؟,شكسبير,الموسوعة ص954
من القائل؟,متوسط,من قائل: «لا يسلمُ الشرفُ الرفيعُ من الأذى * حتى يُراق على جوانبه الدمُ»؟,المتنبي,الموسوعة ص941
من القائل؟,متوسط,من قائل: «إذا المرءُ لم يدنس من اللؤم عرضُه * فكلُّ رداءٍ يرتديه جميلُ»؟,السموأل,الموسوعة ص941
من القائل؟,متوسط,من قائل: «وظلمُ ذوي القربى أشدُّ مضاضةً * على المرء من وقع الحسام المهنّد»؟,طرفة بن العبد,الموسوعة ص943
من القائل؟,متوسط,من قائل: «إذا أنتَ أكرمتَ الكريمَ ملكتَه * وإن أنتَ أكرمتَ اللئيمَ تمرّدا»؟,المتنبي,الموسوعة ص944
من القائل؟,متوسط,من قائل: «مصائبُ قومٍ عند قومٍ فوائدُ»؟,المتنبي,الموسوعة ص944
من القائل؟,متوسط,من قائل: «أيّها الشاكي وما بك داءُ * كن جميلاً ترَ الوجودَ جميلا»؟,إيليا أبو ماضي,الموسوعة ص945
من القائل؟,متوسط,من قائل: «إنّ الرسولَ لنورٌ يُستضاء به * مهنّدٌ من سيوف الله مسلولُ»؟,كعب بن زهير,الموسوعة ص947
من القائل؟,متوسط,من قائل: «سأعيشُ رغمَ الداء والأعداء * كالنسر فوق القمّة الشمّاء»؟,أبو القاسم الشابي,الموسوعة ص948
من القائل؟,متوسط,من قائل: «أراكَ عصيَّ الدمعِ شيمتُك الصبرُ * أما للهوى نهيٌ عليك ولا أمرُ»؟,أبو فراس الحمداني,الموسوعة ص949
من القائل؟,متوسط,من قائل: «قف دون رأيك في الحياة مجاهداً * إنّ الحياةَ عقيدةٌ وجهادُ»؟,أحمد شوقي,الموسوعة ص950
من القائل؟,متوسط,من قائل: «أنا البحرُ في أحشائه الدرُّ كامنٌ * فهل سألوا الغوّاصَ عن صدفاتي»؟,حافظ إبراهيم,الموسوعة ص952
من القائل؟,متوسط,من قائل: «تعاظمني ذنبي فلمّا قرنتُه * بعفوك ربّي كان عفوُك أعظما»؟,الإمام الشافعي,الموسوعة ص954
من القائل؟,متوسط,من قائل: «وتعظُم في عين الصغير صغارُها * وتصغُر في عين العظيم العظائمُ»؟,المتنبي,الموسوعة ص954
من القائل؟,متوسط,من قائل: «ليس لديّ ما أقدّمه سوى الدم والكدّ والدموع والعرق»؟,تشرشل,الموسوعة ص954
من القائل؟,صعب,من قائل: «وإذا أُصيب القومُ في أخلاقهم * فأقم عليهم مأتماً وعويلا»؟,أحمد شوقي,الموسوعة ص941
من القائل؟,صعب,من قائل: «لا تقل أصلي وفصلي أبداً * إنّما أصلُ الفتى ما قد حصل»؟,ابن الوردي,الموسوعة ص940
من القائل؟,صعب,من قائل: «لأن أرعى الجمال عند ابن تاشفين خيرٌ من أن أرعى الخنازير عند ألفونسو»؟,المعتمد بن عباد,الموسوعة ص943
من القائل؟,صعب,من قائل: «كلُّ ابنِ أنثى وإن طالت سلامتُه * يوماً على آلةٍ حدباءَ محمولُ»؟,كعب بن زهير,الموسوعة ص943
من القائل؟,صعب,من قائل: «الرأيُ قبل شجاعة الشجعانِ * هو أوّلٌ وهي المحلُّ الثاني»؟,المتنبي,الموسوعة ص945
من القائل؟,صعب,من قائل: «صلاحُ أمرِك للأخلاقِ مرجعُه * فقوّمِ النفسَ بالأخلاق تستقمِ»؟,أحمد شوقي,الموسوعة ص945
من القائل؟,صعب,من قائل: «قد مات قومٌ وما ماتت مكارمُهم * وعاش قومٌ وهم في الناس أمواتُ»؟,الإمام الشافعي,الموسوعة ص947
من القائل؟,صعب,من قائل: «وإذا أراد الله نشرَ فضيلةٍ * طُويت أتاح لها لسانَ حسودِ»؟,أبو تمام,الموسوعة ص949
من القائل؟,صعب,من قائل: «وإنّي وإن كنتُ الأخيرَ زمانُه * لآتٍ بما لم تستطعه الأوائلُ»؟,أبو العلاء المعري,الموسوعة ص949
من القائل؟,صعب,من الخطيب الجاهلي القائل: «من عاش مات، ومن مات فات، وكلُّ ما هو آتٍ آت»؟,قسّ بن ساعدة,الموسوعة ص950
من القائل؟,صعب,من قائل: «يا أعدلَ الناسِ إلا في معاملتي * فيكَ الخصامُ وأنت الخصمُ والحكمُ»؟,المتنبي,الموسوعة ص951
من القائل؟,صعب,من قائل: «أوقِد فإنّ الليلَ ليلٌ قَرّ * والريحَ يا غلامُ ريحٌ صِرّ»؟,حاتم الطائي,الموسوعة ص951
من القائل؟,صعب,من قائل: «عن المرء لا تسأل وسل عن قرينه * فكلُّ قرينٍ بالمقارَن يقتدي»؟,عدي بن زيد,الموسوعة ص952
من القائل؟,صعب,من قائل: «أعلّمه الرمايةَ كلَّ يومٍ * فلمّا اشتدّ ساعدُه رماني»؟,معن بن أوس,الموسوعة ص952
من القائل؟,صعب,من قائل: «سلامٌ على الدنيا إذا لم يكن بها * صديقٌ صدوقٌ صادقُ الوعد منصفُ»؟,الإمام الشافعي,الموسوعة ص953
من القائل؟,صعب,من قائل: «وما الناسُ إلا هالكٌ وابنُ هالكٍ * وذو نسبٍ في الهالكين عريقُ»؟,أبو نواس,الموسوعة ص954
من القائل؟,تعجيزي,من قائل: «ومن لم يمت بالسيف مات بغيره * تعدّدت الأسبابُ والموتُ واحدُ»؟,ابن نباتة السعدي,الموسوعة ص948
من القائل؟,تعجيزي,من قائل: «متى يبلغ البنيانُ يوماً تمامَه * إذا كنتَ تبنيه وغيرُك يهدمُ»؟,صالح بن عبد القدوس,الموسوعة ص951
