id,category,level,verdict,question,answer,new_question,new_answer,source,explanation
"L026","أدب وفنون","متوسط","صياغة","من الشاعر الكويتي الملقب بشاعر الخليج؟","فهد العسكر","","خالد الفرج","https://ar.wikipedia.org/wiki/%D8%AE%D8%A7%D9%84%D8%AF_%D8%A7%D9%84%D9%81%D8%B1%D8%AC","لقب «شاعر الخليج» لخالد الفرج (1899–1954) لا لفهد العسكر؛ السؤال سليم والجواب يُصحَّح"
"H399","إسلامي","صعب","صياغة","من أول من كتب «بسم الله الرحمن الرحيم» في صدر الرسائل؟","النبي صلى الله عليه وسلم","من أوّل من كتب «بسم الله الرحمن الرحيم» كما تذكر كتب الأوائل؟","سليمان عليه السلام","https://www.islamweb.net/ar/fatwa/55319/","فتوى إسلام ويب عن الأوائل لابن أبي عاصم: أوّل من كتبها سليمان، وأوّل من كتبها في صدر الكتب من أهل مكة خالد بن سعيد؛ لا نصّ على النبي ﷺ. يُعلَّم بعائلة سليمان"
"ADM1684","أغاني وطرب","تعجيزي","صياغة","بأيّ لقبٍ عُرف الفنّان الكويتيّ عوض دوخي؟","مطرب الخليج الأوّل","بأيّ لقبٍ عُرف الفنّان الكويتيّ عوض دوخي لتأثّره بأمّ كلثوم وغنائه أغانيها بالطابع الخليجي؟","كلثوم الخليج","https://alaraby.co.uk/culture/3b21b5b7-dce0-4b63-a70c-c5b88769a5ca","«مطرب الخليج الأوّل» غير موثّق؛ لقبه الثابت في ويكيبيديا والعربي الجديد «كلثوم الخليج». قد تُحذف قرينة أمّ كلثوم إن رأيتموها كاشفة (الجواب يشتقّ منها)"
"ADM1685","أغاني وطرب","تعجيزي","صياغة","ما اسم أوّل أغنيةٍ خليجيّة سُجّلت على أسطوانة؟","صوت الخليج","ما أشهر أغنيةٍ من شعر المتنبي سجّلها أوّل مطربٍ كويتيّ على أسطوانات لدى شركة بيضافون في بغداد؟","عواذل ذات الخال","https://www.okaz.com.sa/culture/na/1718900","«صوت الخليج» ليس اسم أغنية. الثابت أنّ عبداللطيف الكويتي سجّل في بيضافون ببغداد نحو 1927 وأشهر ما سجّله «عواذل ذات الخال»؛ «أوّل أغنية» بعينها غير مؤكّدة. لم يُذكر اسمه لأنّه جواب ADM0771"
"ADM0803","أغاني وطرب","صعب","صياغة","كم عدد المقامات الرئيسية التي تتفرّع عنها بقية المقامات العربية؟","تسعة","أيّ مقامٍ عربيّ يُلقَّب بـ«أبو المقامات»؟","الراست","https://izif.com/ar/blog/%D9%85%D9%82%D8%A7%D9%85-%D8%A7%D9%84%D8%B1%D8%A7%D8%B3%D8%AA","عدد المقامات الأساسية مختلف فيه (7 أو 8 أو 9)؛ الصياغة تسأل عن واقعة غير خلافية: الراست يلقَّب أبا المقامات"
"ADM0805","أغاني وطرب","صعب","صحيح","ما اسم الأغنية التي نال بها عبد الكريم عبد القادر لقبه سنة 1988؟","أجر الصوت","","","https://ar.wikipedia.org/wiki/%D8%B9%D8%A8%D8%AF_%D8%A7%D9%84%D9%83%D8%B1%D9%8A%D9%85_%D8%B9%D8%A8%D8%AF_%D8%A7%D9%84%D9%82%D8%A7%D8%AF%D8%B1","ويكيبيديا والجزيرة: لُقّب «الصوت الجريح» عام 1988 بعد أغنيته «أجر الصوت»"
"ADM0846","أغاني وطرب","صعب","حجب","أيّ مقام عربي يُوصف بأنّه الأكثر ارتباطاً بالأجواء الروحية؟","البيات","","","https://ar.wikipedia.org/wiki/%D9%85%D9%82%D8%A7%D9%85_%D9%85%D9%88%D8%B3%D9%8A%D9%82%D9%8A","وصف ذاتيّ؛ البيات والحجاز والصبا كلّها تُوصف بالروحانية — لا جواب واحد"
"ADM1649","أكلات","تعجيزي","حجب","ماذا كان الملح يُستعمل ثمناً له في روما القديمة؟","أجور الجنود","","","https://en.wikipedia.org/wiki/Salary","رواية دفع أجور الجنود الرومان ملحاً بلا سند قويّ عند المؤرّخين، وجوهرها أصل كلمة salary الممنوع في التعجيزي"
"ADM0215","أكلات","صعب","حجب","ما اسم اللحم العُماني المجفف المتبل الذي يُحفظ لفترات طويلة؟","المقديد","","","https://www.choumicha.ma/ar/produits-de-saisons/%D9%82%D8%AF%D9%8A%D8%AF%D8%8C-%D8%A7%D9%84%D9%84%D8%AD%D9%85-%D8%A7%D9%84%D9%85%D8%AC%D9%81%D9%81-%D8%A7%D9%84%D8%AA%D9%82%D9%84%D9%8A%D8%AF%D9%8A.html","لا أثر لـ«المقديد» اسماً عُمانياً؛ اللحم المجفّف في ظفار يسمّى «قديداً» كغيره من البلدان فلا يخصّ عُمان"
"ADM0218","أكلات","صعب","صياغة","ما اسم حلوى المدينة المصنوعة من الدقيق والتمر والسمن وتُقدّم ساخنة؟","السويق","ما اسم الطعام العربيّ القديم المصنوع من حبوب الشعير أو القمح المحمّصة ثمّ المطحونة، ويُؤكل مبلولاً بالماء أو مخلوطاً بالسمن والتمر؟","السويق","https://www.islam4u.com/ar/almojib/%D9%85%D8%A7-%D9%87%D9%88-%D8%A7%D9%84%D8%B3%D9%88%D9%8A%D9%82-%D8%A7%D9%84%D9%85%D8%B0%D9%83%D9%88%D8%B1-%D9%81%D9%8A-%D8%A7%D9%84%D8%A7%D8%AD%D8%A7%D8%AF%D9%8A%D8%AB%D8%9F","السويق حبوب محمّصة مطحونة لا «حلوى المدينة تُقدَّم ساخنة»؛ ويُعرف في الطائف وغيرها فأُزيلت النسبة للمدينة"
"ADM0221","أكلات","صعب","صياغة","ما اسم الخبز الحضرمي الرقيق الذي يُصب سائلاً على الصاج؟","الخمير","ما اسم الخبز اليمنيّ الإسفنجيّ الرقيق الذي يُصبّ عجينه سائلاً على الصاج ويُصنع منه الشفوت؟","اللحوح","https://ar.wikipedia.org/wiki/%D9%84%D8%AD%D9%88%D8%AD","الخمير عجين يُقرَّص ولا يُصبّ؛ الوصف للّحوح (غير موجود في البنك)"
"ADM0234","أكلات","صعب","صياغة","ما اسم الطبق الغزّي الحار المصنوع من الشبت والفلفل والعدس؟","السماقية","ما اسم الطبق الغزّيّ التقليديّ المطبوخ من اللحم والسلق والحمّص والطحينة ويُؤكل بارداً مع الخبز؟","السماقية","https://ar.wikipedia.org/wiki/%D8%B3%D9%85%D8%A7%D9%82%D9%8A%D8%A9_(%D8%B7%D8%B9%D8%A7%D9%85)","المكوّنات في السؤال (شبت وفلفل وعدس) خاطئة؛ السماقيّة سماق وسلق ولحم وحمّص وطحينة؛ «يُؤكل بارداً» شائع في المصادر ويمكن حذفه"
"ADM0149","أكلات","متوسط","حجب","ما السمك الصغير الذي يكثر استخدامه في طبق الكسكسي التونسي الساحلي؟","السردين","","","https://www.fatafeat.com/recipe/6676/%D9%83%D8%B3%D9%83%D8%B3-%D8%A7%D9%84%D8%B3%D9%85%D9%83-%D8%A7%D9%84%D8%B5%D9%81%D8%A7%D9%82%D8%B3%D9%8A-%D8%A7%D9%84%D9%83%D8%B3%D9%83%D8%B3%D9%8A-%D8%A8%D8%A7%D9%84%D8%AD%D9%88%D8%AA","كسكسي الحوت التونسيّ يُطبخ بأنواع شتّى (مناني، ورقة، دوت، قشر)؛ لا سمك واحد والسردين غير مسنود؛ الخليّة 87"
"ADM6247","الزمن الجميل","تعجيزي","صياغة","كم كوكباً كانت تتوزّع عليها برامج «سبيستون»؟","عشرة","كم كوكباً خصّصت «سبيستون» لبرامجها في بداياتها قبل أن تُحذف بعضها؟","10 (عشرة)","https://ar.wikipedia.org/wiki/%D8%B3%D8%A8%D9%8A%D8%B3%D8%AA%D9%88%D9%86","عشرة صحيحة في الأصل ثمّ حُذف 3 في 2013 وعاد بعضها؛ قُيِّد السؤال بالبدايات. يبقى وسم العائلة مع ADM6259/6231/6199"
"ADM3251","الصحابة والتابعون","تعجيزي","صياغة","من التابعيّ الذي يُروى أنّه لم ينم على فراشٍ ستّين سنة وكان يُقال له «سيّد القرّاء بالكوفة»؟","الأسود بن يزيد النخعيّ","من التابعيّ الكوفيّ، ابن أخي علقمة بن قيس، الذي يُروى أنّه حجّ واعتمر ثمانين مرّة وكان يصوم الدهر؟","الأسود بن يزيد النخعيّ","https://ar.wikisource.org/wiki/%D8%B3%D9%8A%D8%B1_%D8%A3%D8%B9%D9%84%D8%A7%D9%85_%D8%A7%D9%84%D9%86%D8%A8%D9%84%D8%A7%D8%A1/%D8%A7%D9%84%D8%A3%D8%B3%D9%88%D8%AF_%D8%A8%D9%86_%D9%8A%D8%B2%D9%8A%D8%AF","«لم ينم على فراش ستّين سنة» و«سيّد القرّاء بالكوفة» غير موجودين في ترجمته بالسير؛ الثابت فيها صوم الدهر وثمانون حجّة وعمرة"
"ADM3250","الصحابة والتابعون","صعب","صياغة","من التابعيّ الذي كان يُقال له «راهب الأمّة» وكان من تلاميذ ابن مسعود؟","الربيع بن خثيم","من التابعيّ الكوفيّ الذي قال له ابن مسعود: «لو رآك رسول الله ﷺ لأحبّك»؟","الربيع بن خثيم","https://ar.wikisource.org/wiki/%D8%B3%D9%8A%D8%B1_%D8%A3%D8%B9%D9%84%D8%A7%D9%85_%D8%A7%D9%84%D9%86%D8%A8%D9%84%D8%A7%D8%A1/%D8%A7%D9%84%D8%B1%D8%A8%D9%8A%D8%B9_%D8%A8%D9%86_%D8%AE%D9%8A%D8%AB%D9%85","لقب «راهب الأمّة» يُروى لعامر بن عبد قيس (قاله كعب) لا للربيع؛ القول الثابت له في السير قول ابن مسعود"
"ADM1393","الكويت","تعجيزي","صياغة","أيّ مبنىً كويتيّ صمّمه المعماريّ الكنديّ آرثر إريكسون؟","بنك الكويت المركزي","أيّ مجمّع سكنيّ في مدينة الكويت صمّمه المعماريّ الكنديّ آرثر إريكسون؟","مجمّع الصوابر","https://www.researchgate.net/figure/Arthur-Ericksons-project-for-the-Al-Sawaber-district-courtesy-the-Kuwait-Municipality_fig6_271670324","خطأ واقعة: البنك المركزي (القديم) صمّمه الدنماركيّ آرني ياكوبسن وأكمله Dissing+Weitling؛ إريكسون صمّم الصوابر (1981). يبقى نمط «مصمّم معكوس» قراراً لعلي"
"H362","الكويت","صعب","حجب","في أي عام تأسّس أول ناد رياضي في الكويت؟","1953","","","https://ar.wikipedia.org/wiki/%D8%B1%D9%8A%D8%A7%D8%B6%D8%A9_%D9%81%D9%8A_%D8%A7%D9%84%D9%83%D9%88%D9%8A%D8%AA","1953 غير مسنودة؛ المصادر تذكر أوّل فريق منظّم 1930 واتحاد الكرة 1952 وأقدم الأندية الرسميّة (الكويت/العربي/القادسية) 1960 — «أوّل نادٍ» ملتبس؛ الخليّة 43"
"H454","الكويت","صعب","صياغة","ما اسم أعلى قمة أرضية في دولة الكويت؟","جال الزور","ما اسم التلّة التي تُعدّ أعلى نقطة في دولة الكويت؟","الشقايا","https://ar.wikipedia.org/wiki/الشقايا","خطأ واقعة: أعلى نقطة الشقايا (نحو 290 م) أمّا جال الزور فنحو 145 م"
"PA191","أمثال وألغاز","صعب","حجب","أنشدك عن سبعة، لا هم من الإنس ولا من الجن، ولا من بطن أم ولا من ظهر أب؛ من هم؟","آدم، وحواء، وغراب هابيل، وناقة صالح، وكبش إسماعيل، وبقرة موسى، وعصا موسى التي صارت حيّة","","","https://www.facebook.com/Ahmed41045/posts/2379694165719424/","القائمة تختلف بين الروايات (المشهور أربعة: آدم وحواء وكبش إسماعيل وناقة صالح) وجواب من سبعة بنود لا يصلح؛ والناقة مستعملة في قصص الأنبياء؛ الخليّة 82 فلا تحتاج بديلاً"
"ADM3073","أنمي","صعب","صياغة","في أيّ بلدٍ عربيّ تأسّست قناة سبيستون؟","سوريا","في أيّ بلدٍ عربيّ كانت تُدبلَج أغلب برامج قناة سبيستون في مركز الزهرة؟","سوريا","https://ar.wikipedia.org/wiki/سبيستون","«تأسّست» ملتبسة: التأسيس والمقرّ الأوّل في دمشق والبثّ بدأ عبر تلفزيون البحرين والمقرّ الحاليّ دبي؛ الدبلجة السوريّة غير متنازع عليها"
"ADM5442","إيموجي","تعجيزي","حجب","👑 👨 👨 👨 🎭 — ما المسرحية الكويتية؟","سيد الرجال","","","https://ar.wikipedia.org/wiki/تصنيف:مسرحيات_كويتية","لا أثر لمسرحيّة كويتيّة بهذا الاسم (الموجود مسلسل «أحوال الناس 3: سيد الرجال» 2025 وأغنية)؛ خليّة إيموجي/تعجيزي عند 30 فتحتاج بديلاً وأغلب الأعمال الكويتيّة المشهورة مستعملة في البنك"
"ADM5444","إيموجي","تعجيزي","صياغة","👨 💰 💰 💰 📺 — ما المسلسل الكويتي؟","أبو الملايين","👨 💰 💰 💰 📺 — ما المسلسل الخليجي؟","أبو الملايين","https://ar.wikipedia.org/wiki/أبو_الملايين_(مسلسل)","المسلسل موجود (2013، عبدالحسين عبدالرضا وناصر القصبي) لكنّه إنتاج سعوديّ كويتيّ إماراتيّ مشترك فـ«الكويتي» غير دقيق"
"ADM0649","سيارات","متوسط","صياغة","ما الاسم الذي يطلق خليجياً على نيسان باترول ذي الهيكل Y60؟","باترول سفاري","ما الاسم الذي بقيت نيسان تبيع به في الخليج جيلَ الباترول Y61 القديم إلى جانب الجيل الجديد؟","سوبر سفاري (سفاري)","https://sandscope.net/docs/4x4-vehicles/nissan-patrol-safari-super-safari-y61-the-undisputed-king-of-the-desert/","المصادر تنسب «سفاري/سوبر سفاري» خليجياً إلى Y61 بثبات وإلى Y60 بتضارب؛ وحذف «باترول» من الجواب لأنّه في السؤال"
"ADM1568","سينما ودراما","تعجيزي","صياغة","ما اسم أطول مسلسلٍ أمريكيّ عرضاً في التاريخ؟","المرشد الروحي","","المستشفى العام (General Hospital)","https://www.soapoperadigest.com/content/general-hospital-celebrates-landmark-16000th-episode-with-new-cast-photo/","خطأ واقعة متقادم: General Hospital تجاوز Guiding Light (15762 حلقة) ويُعدّ الآن أطول مسلسل دراميّ أمريكيّ؛ الجواب القديم خاطئ"
"H311","سينما ودراما","صعب","صياغة","أي مهرجان دولي منح فيلم «بس يا بحر» جائزتين سنة 1972؟","مهرجان البندقية (فينيسيا)","أيّ مهرجان سينمائي دولي منح فيلم «بس يا بحر» جائزة النقّاد الدوليّين (فيبريسي) سنة 1972؟","مهرجان البندقية (فينيسيا)","https://ar.wikipedia.org/wiki/بس_يا_بحر_(فيلم)","جائزة النقّاد الدوليّين في البندقية ثابتة؛ «جائزتين» مصدرها قوائم غير موثّقة؛ اقترح عائلة مع H307 (الجواب نفسه)"
"H371","سينما ودراما","صعب","صياغة","ما اسم أول فيلم كويتي روائي طويل ملوّن؟","العاصفة","ما اسم أوّل فيلم روائي كويتي، أنتجته وزارة الإعلام سنة 1965 من بطولة عبدالحسين عبدالرضا؟","العاصفة","https://x.com/MOInformation/status/1986768279935832517","خطأ واقعة: «العاصفة» فيلم قصير (نحو 25 دقيقة) بالأبيض والأسود وليس طويلاً ولا ملوّناً؛ وأوّل روائي طويل «بس يا بحر» 1972 بالأبيض والأسود أيضاً"
"H466","سينما ودراما","صعب","صياغة","ما اسم أول فيلم عربي شارك في مهرجان كان؟","بابا أمين","","دنيا","https://elcinema.com/work/1617124/","خطأ واقعة: «دنيا» لمحمد كريم شارك في الدورة الأولى لكان 1946، و«بابا أمين» (1950) جاء بعده؛ السؤال سليم والجواب يُصحَّح"
"H469","سينما ودراما","صعب","صياغة","ما اسم المسلسل الكويتي الذي جسّد سيرة الشيخ مبارك الصباح؟","على الدنيا السلام","ما اسم المسلسل الكويتي (2006) الذي جسّد فيه محمد المنصور سيرة الشيخ مبارك الصباح؟","أسد الجزيرة","https://ar.wikipedia.org/wiki/أسد_الجزيرة_(مسلسل)","خطأ واقعة: «على الدنيا السلام» كوميديا لا صلة لها بمبارك؛ مسلسل سيرته «أسد الجزيرة» (2006، محمد المنصور)؛ ذكر الممثّل يمنع التباس عمل «مبارك» 1983"
"ADM1214","سينما ودراما","متوسط","صياغة","من الفنّانة الكويتيّة الملقّبة بـ«فنّانة العرب»؟","حياة الفهد","من الفنّانة الكويتيّة الملقّبة بـ«سيّدة الشاشة الخليجيّة»؟","حياة الفهد","https://gate.ahram.org.eg/News/5600317.aspx","لقب «فنّانة العرب» لنوال الكويتية وأحلام (مطربتان) لا لحياة الفهد؛ لقبها الثابت «سيّدة الشاشة الخليجيّة». قالبه قريب من E312 (سيدة الشاشة العربية) — عائلة مقترحة"
"ADM1322","سينما ودراما","متوسط","صياغة","الممثّل المصريّ الملقّب بـ«الفنّان الشامل» — من هو؟","صلاح ذو الفقار","من الممثّل الذي أدّى دور «عيسى العوّام» في فيلم «الناصر صلاح الدين»؟","صلاح ذو الفقار","https://ar.wikipedia.org/wiki/الناصر_صلاح_الدين_(فلم)","لقب «الفنّان الشامل» يُنسب لسمير صبري وغيره — جوابان؛ دور عيسى العوّام ثابت لصلاح ذو الفقار"
"M566","سينما ودراما","متوسط","صياغة","ما المسرحية الكويتية التي عُرضت سنة 1971 وبطلها عبدالحسين عبدالرضا وتُعدّ من كلاسيكيات المسرح الخليجي؟","صح النوم","ما المسرحية الكويتية التي عُرضت أمام قادة دول الخليج في أثناء انعقاد قمّة مجلس التعاون في الكويت؟","فرحة أمة","https://ar.wikipedia.org/wiki/فرحة_أمة_(مسرحية)","«صح النوم» مسلسل سوري لدريد لحام لا مسرحية كويتية، ومسرحية 1971 غير متحقَّقة؛ «باي باي لندن» مأخوذة (M518). البديل بلا اسم عبدالحسين وبلا سنة (المصادر تختلف 1984/1985)"
"M741","سينما ودراما","متوسط","صياغة","من الفنانة المصرية التي جسّدت دور «زينب» في فيلم «دعاء الكروان»؟","أمينة رزق","من الفنانة التي أدّت دور الأمّ (أمّ آمنة وهنادي) في فيلم «دعاء الكروان»؟","أمينة رزق","https://elcinema.com/work/1010041/","لا شخصية «زينب» في الفيلم؛ أمينة رزق أدّت دور الأمّ «زهرة». حُذف اسم «زهرة» كي لا يلتبس بزهرة العلا (هنادي)"
"ADM1213","سينما ودراما","متوسط","صياغة","من الممثّل السعوديّ الذي شارك ناصر القصبي بطولة «طاش ما طاش»؟","عبدالله السدحان","بعد توقّف «طاش ما طاش» انفرد أحد بطليه بمسلسل «سيلفي»؛ من البطل الآخر للمسلسل؟","عبدالله السدحان","https://www.emaratalyoum.com/life/four-sides/2023-04-20-1.1740073","الواقعة صحيحة؛ حُذف اسم ناصر القصبي لأنه جواب ADM1181. «سيلفي» بطولة القصبي وحده بعد الانفصال"
"ADM7014","Dexter","متوسط","صياغة","ما وظيفة ريتا؟","موظّفة استقبال في فندق","في بداية المسلسل، ما وظيفة ريتا؟","موظّفة استقبال في فندق","https://en.wikipedia.org/wiki/Rita_Bennett","صحيح لبداية المسلسل (مكتب استقبال فندق Z) لكنها صارت لاحقاً مساعدة وكيلة عقارات؛ يُقيَّد بالبداية"
"ADM5994","Prison break","تعجيزي","صياغة","ما اسم رئيس فوكس ريفر الذي خلف بوب بعد الهروب؟","إد بافيليتش","ما اسم المدير الجديد لسجن فوكس ريفر بعد هروب الثمانية؟","إد بافيلكا","https://prisonbreak.fandom.com/wiki/Ed_Pavelka","الواقعة صحيحة (Ed Pavelka خلف هنري بوب في الموسم 2)؛ الرسم الصحيح «بافيلكا» لا «بافيليتش»، و«رئيس» ← «مدير»، وحُذف «بوب» لأنه جواب ADM5955"