id,category,action,note,question,answer,new_question,new_answer
"ADM1526","أحياء وفلك","تبديل","رقم لا طريق إليه (600 كغ)","كم يبلغ وزن قلب الحوت الأزرق تقريباً بالكيلوغرامات؟","ستّمئة","ما اسم أكبر طيور القطب الجنوبيّ التي لا تطير، ويحضن ذكرُها بيضته فوق قدميه طوال الشتاء؟","البطريق الإمبراطور"
"ADM1528","أحياء وفلك","تبديل","رقم لا طريق إليه (95 قمراً)","كم قمراً للمشتري تقريباً؟","خمسة وتسعون","ما اسم قمر المشتري الذي يُعدّ أكثر أجرام المجموعة الشمسيّة نشاطاً بركانيّاً؟","آيو"
"ADM1534","أحياء وفلك","تبديل","اسم لا يعرفه أحد (سمكة الحلزون)","بأيّ اسمٍ يُعرف أعمق كائنٍ حيّ رُصد في المحيط؟","سمكة الحلزون","أيّ كائنٍ بحريّ يُعدّ الأسرع في المحيطات، ويشتهر بزعنفةٍ ظهريّة ضخمة ينشرها وقت الصيد؟","سمكة الشراع"
"ADM1535","أحياء وفلك","تبديل","الجواب يظهر في السؤال المعاد صياغته","أيّ شجرةٍ تُعدّ أقدم كائنٍ حيّ على الأرض؟","الصنوبر المعمّر","ما اسم أطول شجرةٍ في العالم، وتنمو على ساحل كاليفورنيا ويتجاوز طولها مئة متر؟","السكويا"
"ADM2804","أحياء وفلك","قرينة","المهمّة الصينيّة قرينة","ما أوّل نباتٍ أُنبت على سطح القمر سنة 2019؟","القطن","ما أوّل نباتٍ أنبتته مهمّةٌ صينيّة على سطح القمر سنة 2019؟",""
"ADM2805","أحياء وفلك","قرينة","كان الجواب («الخالد») في السؤال","أيّ كائنٍ بحريّ يُوصف بأنّه «خالدٌ بيولوجيّاً» لقدرته على العودة إلى طور الشباب؟","قنديل البحر الخالد","أيّ كائنٍ بحريّ هلاميّ يستطيع العودة إلى طور الشباب بعد البلوغ، فوُصف بأنّه لا يموت موتاً طبيعيّاً؟",""
"ADM2807","أحياء وفلك","قرينة","موطنها قرينة","ما اسم أكبر زهرةٍ في العالم ورائحتها كاللحم المتعفّن؟","الرافليسيا","ما اسم أكبر زهرةٍ في العالم، تنمو في غابات إندونيسيا وماليزيا ورائحتها كاللحم المتعفّن؟",""
"ADM1388","أدب وفنون","تبديل","وظيفة رولينغ لا يعرفها أحد","جي كي رولينغ عملت قبل هاري بوتر في وظيفةٍ مكتبيّة — ما هي؟","سكرتيرة","في أيّ مدينةٍ اسكتلنديّة كتبت جي كي رولينغ أوّل أجزاء هاري بوتر في مقاهيها؟","إدنبرة"
"ADM4324","أدب وفنون","تبديل","الاسم الحقيقيّ للأخطل مستحيل","ما الاسم الحقيقي للشاعر الأموي الأخطل؟","غياث بن غوث التغلبي","لأيّ خليفةٍ أمويّ كان الأخطل شاعرَ البلاط ومدّاحه الأوّل؟","عبد الملك بن مروان"
"ADM4332","أدب وفنون","تبديل","سولي برودوم مستحيل","من أوّل من فاز بجائزة نوبل للآداب سنة 1901؟","سولي برودوم","من الكاتب الروسيّ الذي أُجبر على رفض نوبل للآداب سنة 1958 بسبب روايته «دكتور زيفاغو»؟","بوريس باسترناك"
"ADM4346","أدب وفنون","تبديل","اسم البحتري مستحيل","ما اسم الشاعر البحتري؟","الوليد بن عبيد","إلى أيّ مدينةٍ سوريّة يُنسب الشاعر البحتري ووُلد فيها؟","منبج"
"ADM4347","أدب وفنون","حجب","الاسم الحقيقيّ لأبي العتاهية مستحيل","ما الاسم الحقيقي للشاعر أبي العتاهية؟","إسماعيل بن القاسم","",""
"ADM5624","أعلام دول","قرينة","القارّة قرينة","علم أيّ دولة هذا؟","أوغندا","علم أيّ دولةٍ أفريقيّة هذا؟",""
"ADM5625","أعلام دول","قرينة","القارّة قرينة","علم أيّ دولة هذا؟","مدغشقر","علم أيّ دولةٍ أفريقيّة هذا؟",""
"ADM5626","أعلام دول","قرينة","القارّة قرينة","علم أيّ دولة هذا؟","بوتسوانا","علم أيّ دولةٍ أفريقيّة هذا؟",""
"ADM6114","أعلام دول","قرينة","القارّة قرينة","علم أيّ دولة هذا؟","إسواتيني","علم أيّ دولةٍ أفريقيّة هذا؟",""
"ADM6115","أعلام دول","قرينة","القارّة قرينة","علم أيّ دولة هذا؟","ليسوتو","علم أيّ دولةٍ أفريقيّة هذا؟",""
"ADM6116","أعلام دول","قرينة","القارّة قرينة","علم أيّ دولة هذا؟","سيشل","علم أيّ دولةٍ أفريقيّة هذا؟",""
"ADM6117","أعلام دول","قرينة","القارّة قرينة","علم أيّ دولة هذا؟","ساو تومي وبرينسيب","علم أيّ دولةٍ أفريقيّة هذا؟",""
"ADM6118","أعلام دول","قرينة","القارّة قرينة","علم أيّ دولة هذا؟","غينيا بيساو","علم أيّ دولةٍ أفريقيّة هذا؟",""
"ADM6095","أعلام دول","قرينة","المنطقة قرينة","علم أيّ دولة هذا؟","أنتيغوا وباربودا","علم أيّ دولةٍ كاريبيّة هذا؟",""
"ADM6096","أعلام دول","قرينة","المنطقة قرينة","علم أيّ دولة هذا؟","باربادوس","علم أيّ دولةٍ كاريبيّة هذا؟",""
"ADM6097","أعلام دول","قرينة","المنطقة قرينة","علم أيّ دولة هذا؟","الباهاما","علم أيّ دولةٍ كاريبيّة هذا؟",""
"ADM6098","أعلام دول","قرينة","المنطقة قرينة","علم أيّ دولة هذا؟","دومينيكا","علم أيّ دولةٍ كاريبيّة هذا؟",""
"ADM6099","أعلام دول","قرينة","المنطقة قرينة","علم أيّ دولة هذا؟","غرينادا","علم أيّ دولةٍ كاريبيّة هذا؟",""
"ADM6100","أعلام دول","قرينة","المنطقة قرينة","علم أيّ دولة هذا؟","سانت لوسيا","علم أيّ دولةٍ كاريبيّة هذا؟",""
"ADM6101","أعلام دول","قرينة","المنطقة قرينة","علم أيّ دولة هذا؟","سانت كيتس ونيفيس","علم أيّ دولةٍ كاريبيّة هذا؟",""
"ADM6102","أعلام دول","قرينة","المنطقة قرينة","علم أيّ دولة هذا؟","سانت فينسنت والغرينادين","علم أيّ دولةٍ كاريبيّة هذا؟",""
"ADM6103","أعلام دول","قرينة","المنطقة قرينة","علم أيّ دولة هذا؟","ترينيداد وتوباغو","علم أيّ دولةٍ كاريبيّة هذا؟",""
"ADM6104","أعلام دول","قرينة","المنطقة قرينة","علم أيّ دولة هذا؟","هايتي","علم أيّ دولةٍ كاريبيّة هذا؟",""
"ADM6105","أعلام دول","قرينة","المنطقة قرينة","علم أيّ دولة هذا؟","بليز","علم أيّ دولةٍ في أمريكا الوسطى هذا؟",""
"ADM6106","أعلام دول","قرينة","المنطقة قرينة","علم أيّ دولة هذا؟","غيانا","علم أيّ دولةٍ في أمريكا الجنوبيّة هذا؟",""
"ADM6107","أعلام دول","قرينة","المنطقة قرينة","علم أيّ دولة هذا؟","كيريباتي","علم أيّ دولةٍ في المحيط الهادئ هذا؟",""
"ADM6108","أعلام دول","قرينة","المنطقة قرينة","علم أيّ دولة هذا؟","ناورو","علم أيّ دولةٍ في المحيط الهادئ هذا؟",""
"ADM6109","أعلام دول","قرينة","المنطقة قرينة","علم أيّ دولة هذا؟","توفالو","علم أيّ دولةٍ في المحيط الهادئ هذا؟",""
"ADM6110","أعلام دول","قرينة","المنطقة قرينة","علم أيّ دولة هذا؟","فانواتو","علم أيّ دولةٍ في المحيط الهادئ هذا؟",""
"ADM6111","أعلام دول","قرينة","المنطقة قرينة","علم أيّ دولة هذا؟","جزر سليمان","علم أيّ دولةٍ في المحيط الهادئ هذا؟",""
"ADM6112","أعلام دول","قرينة","المنطقة قرينة","علم أيّ دولة هذا؟","بابوا غينيا الجديدة","علم أيّ دولةٍ في المحيط الهادئ هذا؟",""
"ADM6113","أعلام دول","قرينة","المنطقة قرينة","علم أيّ دولة هذا؟","جزر مارشال","علم أيّ دولةٍ في المحيط الهادئ هذا؟",""
"ADM6119","أعلام دول","قرينة","المنطقة قرينة","علم أيّ دولة هذا؟","تركمانستان","علم أيّ دولةٍ في آسيا الوسطى هذا؟",""
"ADM0799","أغاني وطرب","حجب","رقم (16 فيلماً)","كم فيلماً مثّل فيه المطرب عبد الحليم حافظ؟","16","",""
"ADM0837","أغاني وطرب","حجب","رقم (137 أغنية)؛ والواقعة في ADM0780","كم أغنية كتبها أحمد رامي لأم كلثوم؟","137","",""
"ADM0838","أغاني وطرب","حجب","رقم (48 سنة)","كم سنة استمرّ التعاون الفنّي بين أم كلثوم والشاعر أحمد رامي؟","48","",""
"ADM0840","أغاني وطرب","حجب","رقم (31 فيلماً)","كم فيلماً مثّل فيه الموسيقار فريد الأطرش؟","31","",""
"ADM0863","أغاني وطرب","حجب","رقم (64 أغنية)","كم أغنية كتبها بدر بن عبد المحسن للفنان طلال مداح؟","64","",""
"ADM1677","أغاني وطرب","حجب","رقم (50 دقيقة)","كم دقيقةً بلغت أطول حفلةٍ لأغنية «الأطلال» تقريباً؟","خمسون","",""
"ADM1692","أغاني وطرب","تبديل","سنة أوّل غرامي مستحيلة","في أيّ سنةٍ أُقيم أوّل حفل جوائز غرامي؟","1959","من الفنّانة صاحبة الرقم القياسيّ في عدد جوائز غرامي؟","بيونسيه"
"ADM1635","أكلات","تبديل","رقم (150 ألف زهرة)","كم زهرةً يلزم لإنتاج كيلوغرامٍ واحد من الزعفران تقريباً؟","مئة وخمسون ألفاً","أيّ بلدٍ ينتج نحو تسعين بالمئة من زعفران العالم؟","إيران"
"ADM1647","أكلات","تبديل","نيكولا أبير مستحيل","من ابتكر فكرة تعليب الطعام لجيش نابليون؟","نيكولا أبير","أيّ دولةٍ أوروبيّة يُنسب إليها ابتكار الكرواسون رغم شهرته الفرنسيّة؟","النمسا"
"ADM1650","أكلات","تبديل","رقم (20 ألف لتر)","كم لتراً من الماء يلزم لإنتاج كيلوغرامٍ من البنّ تقريباً؟","عشرون ألفاً","ما اسم أغلى بنٍّ في العالم، ويُستخرج من فضلات حيوان الزبّاد في إندونيسيا؟","كوبي لواك"
"ADM1654","أكلات","تبديل","كازو مارزو مستحيل","جبنٌ إيطاليّ من سردينيا يحتوي على يرقاتٍ حيّة — ما اسمه؟","كازو مارزو","ما اسم الجبن الفرنسيّ الأزرق الذي يُعتَّق في كهوف قريةٍ تحمل اسمه؟","روكفور"
"ADM2781","أكلات","تبديل","جبن «بوله» مستحيل","ما اسم أغلى جبنٍ في العالم ويُصنع في صربيا من حليب الحمير؟","بوله","ما اسم الجبن الهولنديّ الذي يُباع كراتٍ مغلّفة بشمعٍ أحمر؟","إيدام"
"ADM2784","أكلات","تبديل","دانيال بيتر مستحيل","من السويسريّ الذي ابتكر شوكولاتة الحليب سنة 1875؟","دانيال بيتر","أيّ علامةٍ سويسريّة للشوكولاتة تحمل اسم مخترع تقنية «الكونش» التي جعلتها ناعمة؟","لينت"
"ADM2785","أكلات","تبديل","كاليب برادهام مستحيل","من الصيدلانيّ الأمريكيّ الذي ابتكر شراب «بيبسي» سنة 1893؟","كاليب برادهام","بأيّ اسمٍ بِيع شراب بيبسي في سنواته الأولى قبل أن يحمل اسمه الحاليّ؟","براد درينك (Brad’s Drink)"
"ADM1334","ألعاب فيديو","حجب","مؤسّس نينتندو مستحيل","من مؤسّس شركة نينتندو؟","فوساجيرو ياماوتشي","",""
"ADM1342","ألعاب فيديو","حجب","كمبيوتر سبيس مستحيل","ما اسم أوّل لعبة فيديو تجاريّة في التاريخ؟","كمبيوتر سبيس","",""
"ADM1347","ألعاب فيديو","حجب","رقم (90 دولاراً)","بكم دولاراً طُرح جهاز الجيم بوي عند إطلاقه؟","تسعون","",""
"ADM2580","ألعاب فيديو","حجب","أونوما مستحيل","من منتج سلسلة «زيلدا» منذ سنواتٍ طويلة الذي أشرف على «بريث أوف ذا وايلد»؟","إيجي أونوما","",""
"ADM2583","ألعاب فيديو","حجب","رقم (2.5 مليار)","بكم اشترت مايكروسوفت «موجانغ» صانعة ماينكرافت عام 2014؟","2.5 مليار دولار","",""
"ADM3160","ألعاب فيديو","حجب","سنة (1991)","في أيّ سنةٍ صدرت أوّل لعبة سونيك على ميغا درايف؟","1991","",""
"ADM3163","ألعاب فيديو","حجب","أويماتسو مستحيل","من ملحّن موسيقى «فاينل فانتسي» الأشهر؟","نوبو أويماتسو","",""
"ADM3165","ألعاب فيديو","حجب","سنة (1994)","أطلقت سوني أوّل بلايستيشن في اليابان في ديسمبر من أيّ سنة؟","1994","",""
"ADM3167","ألعاب فيديو","حجب","برزيبيلوفيتش مستحيل","ما اسم الملحّن الذي وضع موسيقى «سايبربانك 2077» و«ذا ويتشر 3»؟","مارتشين برزيبيلوفيتش","",""
"ADM3168","ألعاب فيديو","حجب","ممثّلة صوت مستحيلة","من الممثّلة التي جسّدت «إيلي» في لعبة «ذا لاست أوف أس»؟","آشلي جونسون","",""
"ADM3169","ألعاب فيديو","حجب","كوري بارلوغ مستحيل","من مصمّم «غاد أوف وور» 2018 الذي قاد إعادة إحياء السلسلة؟","كوري بارلوغ","",""
"ADM3171","ألعاب فيديو","حجب","ذا تتريس كومباني مستحيل","ما اسم الشركة الهولنديّة الروسيّة التي تملك حقوق تتريس ورئيسها هينك روجرز؟","ذا تتريس كومباني","",""
"ADM3172","ألعاب فيديو","حجب","كازونوري ياماوتشي مستحيل","ما اسم مصمّم «غران توريزمو» الذي كان سائق سباقاتٍ حقيقيّاً؟","كازونوري ياماوتشي","",""
"ADM3176","ألعاب فيديو","حجب","مناكا كاتاوكا مستحيل","ما اسم مؤلّف موسيقى «زيلدا: بريث أوف ذا وايلد» و«تيرز أوف ذا كينغدوم»؟","مناكا كاتاوكا","",""
"ADM3178","ألعاب فيديو","حجب","جيم رايان مستحيل","ما اسم رئيس بلايستيشن الذي أطلق بلايستيشن 5 ثمّ تقاعد سنة 2024؟","جيم رايان","",""
"ADM1363","أمثال وألغاز","حجب","رقم (8 قطع)","كم قطعةً في أحجية «برج هانوي» الأصليّة؟","ثماني","",""
"ADM2775","أمثال وألغاز","حجب","الاسم الحقيقيّ لهبنّقة مستحيل","ما الاسم الحقيقيّ لـ«هبنّقة» الذي يُضرب به المثل في الحمق؟","يزيد بن ثروان","",""
"ADM3095","أنمي","حجب","سنة (2000)","في أيّ سنةٍ انطلق بثّ قناة سبيستون؟","2000","",""
"ADM4370","الصحابة والتابعون","حجب","الزوج الأوّل لسودة مستحيل","من الزوج الأوّل لسودة بنت زمعة قبل النبي ﷺ؟","السكران بن عمرو","",""
"ADM4423","الصحابة والتابعون","حجب","مولاة خبّاب مستحيلة","من مولاة الصحابي خبّاب بن الأرتّ التي كانت تعذّبه في مكة؟","أمّ أنمار","",""
"ADM1390","الكويت","حجب","الشركة السويديّة مستحيلة","أبراج الكويت نفّذتها شركةٌ سويديّة — ما اسمها؟","في بي بي","",""
"ADM5998","بريزون بريك","قرينة","دور «ذا ووكينغ ديد» طريق","من الممثّلة التي أدّت سارة تانكريدي؟","سارة واين كاليس","من الممثّلة التي أدّت طبيبة فوكس ريفر، ثمّ أدّت «لوري» زوجة ريك في «ذا ووكينغ ديد»؟",""
"ADM5999","بريزون بريك","قرينة","دور «ترانسفورمرز» طريق","من الممثّل الذي أدّى سوكري؟","أموري نولاسكو","من الممثّل البورتوريكيّ الذي أدّى سوكري، وظهر جنديّاً في «ترانسفورمرز»؟",""
"ADM6000","بريزون بريك","تبديل","ممثّل بلا طريق","من الممثّل الذي أدّى براد بيليك؟","وايد ويليامز","بأيّ مهنةٍ عمل بيليك بعد فصله من فوكس ريفر ليطارد الهاربين؟","صائد جوائز"
"ADM6001","بريزون بريك","تبديل","ممثّلة بلا طريق","من الممثّلة التي أدّت غريتشن؟","جودي لين أوكيف","كم بطاقةً إلكترونيّة كان يلزم جمعها لتكوين «سيلا» في الموسم الرابع؟","ستّ"
"ADM6002","بريزون بريك","تبديل","زوجة ماهون مستحيلة","ما اسم زوجة ماهون؟","بام","ما اسم العميل الذي أجبر ماهون على قتل الهاربين ثمّ قتله كيلرمان؟","بيل كيم"
"ADM6003","بريزون بريك","تبديل","اسم زوجة لينكولن مستحيل","ما اسم زوجة لينكولن الراحلة والدة إل جاي؟","ليزا ريكس","بأيّ وسيلةٍ كان لينكولن سيُعدم في فوكس ريفر؟","الكرسي الكهربائيّ"
"ADM6004","بريزون بريك","تبديل","رقم (22 حلقة)","كم حلقةً في الموسم الأوّل؟","22","كم كان الحكم الذي صدر على مايكل بعد سطوه على البنك؟","خمس سنوات"
"ADM6009","بريزون بريك","تبديل","زوجة سي نوت مستحيلة","ما اسم زوجة سي نوت؟","كاسي","في أيّ حربٍ خدم سي نوت جنديّاً قبل دخوله السجن؟","العراق"
"ADM6011","بريزون بريك","تبديل","ممثّل بلا طريق","من الممثّل الذي أدّى الجنرال كرانتز؟","ليون راسوم","ما اسم الشركة التي عمل فيها تي باغ باسم «كول فايفر» في الموسم الرابع؟","غيت (GATE)"
"ADM6094","بريزون بريك","تبديل","زوجة أبروزي مستحيلة","ما اسم زوجة جون أبروزي؟","سيلفيا","كم سجيناً هربوا من فوكس ريفر في نهاية الموسم الأوّل؟","ثمانية"
"ADM6073","بريكنغ باد","تبديل","ممثّل بلا طريق","من الممثّل الذي أدّى والتر جونيور؟","آر جيه ميتي","ما الاسم الذي أراد والتر جونيور أن يُنادى به بدل اسم أبيه؟","فلين"
"ADM6077","بريكنغ باد","تبديل","ممثّلة بلا طريق","من الممثّلة التي أدّت سكايلر؟","آنا غان","ما اسم رئيس سكايلر في العمل الذي تهرّب من الضرائب وارتبطت به؟","تيد بينيكي"
"ADM6078","بريكنغ باد","تبديل","ممثّل بلا طريق","من الممثّل الذي أدّى هانك شرايدر؟","دين نوريس","ما الذي كان هانك يجمعه في فترة نقاهته مصرّاً أنّها ليست «صخوراً»؟","المعادن"
"ADM6086","بريكنغ باد","تبديل","رقم (62 حلقة)","ما عدد الحلقات الكامل للمسلسل؟","62","في أيّ سنةٍ عُرضت الحلقة الأولى من المسلسل؟","2008"
"ADM5919","ديكستر","تبديل","ممثّل بلا طريق","من الممثّل الذي أدّى ديكستر الشابّ في «أوريجينال سين»؟","باتريك غيبسون","ما اسم الخطيب التحفيزيّ الذي كان يقود عصابة الاغتصاب التي طاردها ديكستر مع لومن؟","جوردان تشيس"
"ADM5923","ديكستر","تبديل","ممثّل بلا طريق","من الممثّل الذي أدّى فرانك لاندي؟","كيث كارادين","من قتلت العميل فرانك لاندي؟","كريستين هيل (حبيبة كوين)"
"ADM5924","ديكستر","تبديل","ممثّل بلا طريق","ما اسم الممثّل الذي أدّى ميغيل برادو؟","جيمي سميتس","ما اسم المحامية التي قتلها ميغيل برادو فانقلب عليه ديكستر؟","إيلين وولف"
"ADM5926","ديكستر","تبديل","رقم (96 حلقة)","ما عدد حلقات المسلسل الأصلي؟","96","كم سنةً مرّت في القصّة بين نهاية الموسم الثامن وأحداث «نيو بلود»؟","عشر سنوات"
"ADM5929","ديكستر","تبديل","ممثّلة بلا طريق","من الممثّلة التي أدّت هانا مكاي؟","إيفون ستراهوفسكي","ما اسم كاتب الجرائم الحقيقيّة الذي حقّق في ماضي هانا مكاي فسُمّم؟","سال برايس"
"ADM5930","ديكستر","تبديل","ممثّلة بلا طريق","من الممثّلة التي أدّت لومن؟","جوليا ستايلز","كم رجلاً اعتدوا على لومن وسعت للانتقام منهم مع ديكستر؟","خمسة"
"ADM5931","ديكستر","تبديل","ممثّلة بلا طريق","من الممثّلة التي أدّت لاغويرتا؟","لورين فيليز","من أيّ بلدٍ تنحدر الملازم لاغويرتا؟","كوبا"
"ADM5932","ديكستر","تبديل","مبتكر المسلسل مستحيل","من ابتكر المسلسل للتلفزيون؟","جيمس مانوس جونيور","إلى أيّ مدينةٍ انتقل أستور وكودي ليعيشا مع جدّيهما بعد موت ريتا؟","أورلاندو"
"ADM5925","ديكستر","تبديل","عنوان حلقة مستحيل","ما اسم الحلقة الأخيرة من الموسم الثامن؟","تذكّرني بالوحوش","من أوّل ضحيّةٍ قتلها ديكستر بحسب «قانون هاري»؟","الممرّضة ماري"
"ADM1409","تاريخ وحضارات","حجب","رقم (282 مادّة)","كم مادّةً تضمّنت شريعة حمورابي؟","282","",""
"ADM1417","تاريخ وحضارات","حجب","رقم (53 يوماً)","كم يوماً دام حصار القسطنطينية سنة 1453؟","ثلاثة وخمسون","",""
"ADM5278","تاريخ وحضارات","حجب","راجندرا براساد مستحيل","من أوّل رئيس لجمهورية الهند بعد الاستقلال؟","راجندرا براساد","",""
"ADM1611","تقنية ومنوعات","حجب","رقم (15 رقماً)","كم رقماً في رمز الآيمي الخاصّ بكلّ هاتف؟","خمسة عشر","",""
"ADM1326","جغرافيا ومعالم","حجب","رقم (21 دولة)","الدول التي لا جيش لها في العالم — كم عددها تقريباً؟","إحدى وعشرون","",""
"ADM1695","جغرافيا ومعالم","حجب","رقم (16 دولة)","كم دولةً أفريقيّة لا سواحل لها؟","ستّ عشرة","",""
"ADM3903","حروف","حجب","مخترع الباركود مستحيل","من مخترع الباركود؟","وودلاند","",""
"ADM1857","دوري أبطال أوروبا","تبديل","مصمّم الكأس مستحيل","ما اسم المصمّم السويسريّ الذي وضع الكأس الحاليّة سنة 1967؟","يورغ شتادلمان","من الهدّاف التاريخيّ للمسابقة قبل أن يتجاوزه رونالدو وميسي؟","راؤول غونزاليس"
"ADM1858","دوري أبطال أوروبا","تبديل","رقم (177 مباراة)","كم مباراةً خاضها إيكر كاسياس في المسابقة وهو رقمٌ قياسيّ للحرّاس؟","مئة وسبع وسبعون مباراة","من اللاعب الوحيد الذي رفع الكأس مع ثلاثة أنديةٍ مختلفة؟","كلارنس سيدورف"
"ADM1869","دوري أبطال أوروبا","تبديل","رقم (7.5 كغ)","كم يبلغ وزن الكأس الحاليّة تقريباً؟","سبعة كيلوغرامات ونصف","أيّ نادٍ اسكتلنديّ كان أوّل نادٍ بريطانيّ يرفع الكأس سنة 1967؟","سلتيك"
"ADM1871","دوري أبطال أوروبا","تبديل","الجواب يُحسب من السؤال (1966–1998)","كم موسماً بقي ريال مدريد بلا لقبٍ أوروبيّ بين 1966 و1998؟","اثنان وثلاثون موسماً","من صاحب هدف «الطائرة» الشهير في نهائيّ 2002 بغلاسكو؟","زين الدين زيدان"
"ADM3003","ديزني وبيكسار","حجب","رقم (7.4 مليار)","بكم اشترت ديزني بيكسار سنة 2006؟","7.4 مليار دولار","",""
"ADM3013","ديزني وبيكسار","حجب","سنة (1992)","في أيّ سنةٍ افتُتحت ديزني لاند باريس؟","1992","",""
"ADM3016","ديزني وبيكسار","حجب","سنة (1983)","في أيّ سنةٍ افتُتحت طوكيو ديزني لاند وهي أوّل حديقةٍ لديزني خارج أمريكا؟","1983","",""
"ADM1375","رياضة عامة","تبديل","رقم (767 هدفاً)","كم هدفاً سجّل بيليه رسميّاً في مسيرته تقريباً؟","سبعمئة وسبعة وستّون","ما الاسم الحقيقيّ لبيليه؟","إدسون أرانتس دو ناسيمنتو"
"ADM1622","سيارات","حجب","رقم (5000 كم)","كم كيلومتراً يبلغ طول سباق لومان لأربع وعشرين ساعة تقريباً؟","خمسة آلاف","",""
"ADM1625","سيارات","حجب","سنة (1971)","في أيّ سنةٍ ظهرت الوسادة الهوائيّة في السيّارات لأوّل مرّة؟","1971","",""
"ADM1558","سينما ودراما","تبديل","فرانك بورزيغي مستحيل","من أوّل مخرجٍ نال جائزة أوسكار أفضل إخراج؟","فرانك بورزيغي","ما اسم أوّل فيلمٍ فاز بأوسكار أفضل فيلم في الحفل الأوّل سنة 1929؟","أجنحة (Wings)"
"ADM1565","سينما ودراما","تبديل","رقم (6 أشهر)","كم استغرق تصوير فيلم «العرّاب» من أشهر؟","ستّة","من الموسيقار الإيطاليّ الذي ألّف موسيقى فيلم «العرّاب»؟","نينو روتا"
"ADM1570","سينما ودراما","تبديل","رقم (53 فيلماً)","كم فيلماً أخرجه ألفريد هيتشكوك تقريباً؟","ثلاثة وخمسون","ما اسم فيلم هيتشكوك الذي صُوّر كلّه في شقّةٍ واحدة بلقطاتٍ طويلة متّصلة؟","الحبل (Rope)"
"ADM1573","سينما ودراما","تبديل","رقم (500 دقيقة)","كم دقيقةً يبلغ طول أطول فيلمٍ تجاريّ في التاريخ؟","أكثر من خمسمئة","من الممثّل الذي فاز بثلاث جوائز أوسكار لأفضل ممثّل وهو الرقم القياسيّ؟","دانيال داي لويس"
"ADM5532","شعارات","قرينة","النوع قرينة","شعار مَن هذا؟","ماستودون","شعار أيّ شبكة تواصلٍ لامركزيّة هذا؟",""
"ADM5533","شعارات","قرينة","النوع قرينة","شعار مَن هذا؟","بلوسكاي","شعار أيّ شبكة تواصلٍ اجتماعيّ هذا؟",""
"ADM5534","شعارات","قرينة","النوع قرينة","شعار مَن هذا؟","رياكت","شعار أيّ مكتبةٍ من «ميتا» لبناء واجهات الويب هذا؟",""
"ADM5535","شعارات","قرينة","النوع قرينة","شعار مَن هذا؟","فيو","شعار أيّ إطار عملٍ لواجهات الويب هذا؟",""
"ADM5536","شعارات","قرينة","النوع قرينة","شعار مَن هذا؟","أنغولار","شعار أيّ إطار عملٍ من «غوغل» لواجهات الويب هذا؟",""
"ADM5537","شعارات","قرينة","النوع قرينة","شعار مَن هذا؟","كوبرنيتس","شعار أيّ نظامٍ لإدارة الحاويات البرمجيّة هذا؟",""
"ADM5538","شعارات","قرينة","النوع قرينة","شعار مَن هذا؟","غيت","شعار أيّ نظامٍ لإدارة نسخ الشيفرة البرمجيّة هذا؟",""
"ADM5539","شعارات","قرينة","النوع قرينة","شعار مَن هذا؟","رست","شعار أيّ لغة برمجةٍ هذا؟",""
"ADM5540","شعارات","قرينة","النوع قرينة","ما هذا الرمز؟","لايتكوين","ما هذه العملة الرقميّة؟",""
"ADM5541","شعارات","قرينة","النوع قرينة","شعار مَن هذا؟","بينانس","شعار أيّ منصّةٍ لتداول العملات الرقميّة هذا؟",""
"ADM5542","شعارات","قرينة","النوع قرينة","شعار مَن هذا؟","تارغت","شعار أيّ سلسلة متاجر أمريكيّة هذا؟",""
"ADM5543","شعارات","قرينة","النوع قرينة","شعار مَن هذا؟","بيتس","شعار أيّ علامة سمّاعاتٍ هذا؟",""
"ADM5544","شعارات","قرينة","النوع قرينة","شعار مَن هذا؟","ويكيميديا كومنز","شعار أيّ مستودعٍ للصور الحرّة هذا؟",""
"ADM5545","شعارات","قرينة","النوع قرينة","شعار مَن هذا؟","بلندر","شعار أيّ برنامجٍ حرّ للنمذجة ثلاثيّة الأبعاد هذا؟",""
"ADM5546","شعارات","قرينة","النوع قرينة","شعار مَن هذا؟","الكريستالة الحمراء","ما هذا الرمز الذي اعتمدته الحركة الدوليّة للإغاثة سنة 2005 شعاراً ثالثاً محايداً؟",""
"ADM5547","شعارات","قرينة","النوع قرينة","شعار مَن هذا؟","موزيلا","شعار أيّ مؤسّسةٍ للبرمجيّات الحرّة هذا؟",""
"ADM5548","شعارات","قرينة","النوع قرينة","شعار مَن هذا؟","سيغنال","شعار أيّ تطبيق مراسلةٍ مشفّر هذا؟",""
"ADM5549","شعارات","قرينة","النوع قرينة","شعار مَن هذا؟","الاتحاد الأفريقي","شعار أيّ منظّمةٍ قارّيّة هذا؟",""
"ADM5550","شعارات","قرينة","النوع قرينة","شعار مَن هذا؟","آب ستور","شعار أيّ متجر تطبيقاتٍ هذا؟",""
"ADM5551","شعارات","قرينة","النوع قرينة","ما هذا الرمز؟","رمز السلام","ما هذا الشعار الذي وُلد في حملةٍ بريطانيّة لنزع السلاح النوويّ سنة 1958؟",""
"ADM1473","طب وصحة","حجب","سنة (1954)","في أيّ سنةٍ أُجريت أوّل عمليّة زرع كلىً ناجحة؟","1954","",""
"ADM1440","علوم واختراعات","حجب","رقم (63 عنصراً)","كم عنصراً ضمّ جدول مندلييف حين نشره أوّل مرّة؟","ثلاثة وستّون","",""
"ADM1442","علوم واختراعات","حجب","سنة (1947)","في أيّ سنةٍ سُجّلت براءة اختراع الترانزستور؟","1947","",""
"ADM1936","كأس العالم","حجب","برت باتينود مستحيل","من صاحب أوّل ثلاثيّةٍ في تاريخ النهائيات سنة 1930؟","برت باتينود","",""
"ADM1945","كأس العالم","حجب","ملعب بوثيتوس مستحيل","في أيّ ملعبٍ بمدينة مونتيفيديو أُقيمت أوّل مباراةٍ في تاريخ البطولة؟","ملعب بوثيتوس","",""
"ADM1947","كأس العالم","حجب","بلاسيدو غاليندو مستحيل","من أوّل لاعبٍ يُطرد في تاريخ النهائيات سنة 1930؟","بلاسيدو غاليندو","",""
"ADM1951","كأس العالم","حجب","رقم (18 مباراة)","كم مباراةً أُقيمت في نسخة 1930 كلّها؟","ثماني عشرة مباراة","",""
"ADM3993","كأس العالم","حجب","روبير غيران مستحيل","من أوّل رئيس للاتحاد الدولي لكرة القدم «فيفا» سنة 1904؟","روبير غيران","",""
"ADM5664","مسلسلات كويتية","حجب","رقم (5000 دينار)","بكم قدّرت سبيكة سعر بسطتهما القديمة في «رقية وسبيكة»؟","5000 دينار","",""
"ADM5668","مسلسلات كويتية","حجب","رقم (65 شيكاً)","كم شيكاً كان على شركة الأختين في «رقية وسبيكة» سداده في النهاية؟","65","",""
"ADM5672","مسلسلات كويتية","حجب","رقم (مليونا دينار)","كم بلغ تثمين البيت الجديد كما سمع بو عثمان في «رقية وسبيكة»؟","مليونا دينار","",""
"ADM5696","مسلسلات كويتية","حجب","جهة الإنتاج مستحيلة","ما الجهة التي نفّذت إنتاج مسلسل «الحيالة»؟","مركز الفنون للإنتاج الفني","",""
"ADM5854","مسلسلات كويتية","حجب","شهر العرض مستحيل","في أيّ شهرٍ من عام 1983 عُرض مسلسل «خالتي قماشة» أوّل مرّة؟","يونيو","",""
"ADM1655","معالم","تبديل","رقم (1665 درجة)","كم عدد الدرجات في برج إيفل حتى القمّة؟","1665","في أيّ مناسبةٍ بُني برج إيفل سنة 1889 وكان مقرّراً تفكيكه بعدها؟","المعرض العالميّ (الدوليّ) في باريس"
"ADM1656","معالم","تبديل","رقم (15 سم)","كم سنتيمتراً يزيد ارتفاع برج إيفل صيفاً بسبب الحرارة؟","خمسة عشر","ما اسم الجسر اللندنيّ ذي البرجين الذي يُظنّ خطأً أنّه «جسر لندن»؟","تاور بريدج"
