id,category,level,action,note,question,answer,new_question,new_answer
"E099","أحياء وفلك","سهل","حجب","تافه","ما الحيوان المعروف بخطوطه السوداء والبيضاء؟","الحمار الوحشي","",""
"E204","أحياء وفلك","سهل","حجب","تافه","ما الحيوان الذي يحمل صغاره في جراب على بطنه؟","الكنغر","",""
"E364","أحياء وفلك","سهل","حجب","تافه: صغير القطة","ما اسم صغير القطة؟","الهريرة","",""
"E441","أحياء وفلك","سهل","حجب","تافه: صغير الحصان","ما اسم صغير الحصان؟","المهر","",""
"E443","أحياء وفلك","سهل","حجب","تافه","ما الحيوان الذي يعيش في الماء وعلى اليابسة؟","الضفدع","",""
"M364","أحياء وفلك","سهل","حجب","تافه","ما الغاز الذي تطلقه النباتات في النهار؟","الأكسجين","",""
"M360","أحياء وفلك","سهل","حجب","تافه","ما الوحدة الأساسية لبناء الكائن الحي؟","الخلية","",""
"E207","أحياء وفلك","سهل","حجب","تافه","كم عدد أرجل الحشرة؟","ست أرجل","",""
"L005","أدب وفنون","سهل","حجب","تافه + مكرّر مع ADM3589","كم عدد حروف اللغة العربية؟","ثمانية وعشرون حرفًا","",""
"E381","أدب وفنون","سهل","حجب","تافه","ما اسم الكتاب الذي أُنزل على النبي موسى عليه السلام؟","التوراة","",""
"E480","أدب وفنون","سهل","حجب","تافه","ما اسم الكتاب الذي يجمع قصائد شاعر واحد؟","الديوان","",""
"E365","أحياء وفلك","سهل","حجب","تافه + الإجابة في السؤال","ما اسم النبات الذي يتّجه دوماً نحو الشمس؟","عبّاد الشمس","",""
"ADM1694","أغاني وطرب","سهل","حجب","مكرّر مع E273 (ملك البوب)","أيّ مغنٍّ يحمل لقب «ملك البوب»؟","مايكل جاكسون","",""
"ADM0721","أغاني وطرب","سهل","حجب","مكرّر مع E495 (العندليب الأسمر)","بأيّ لقب اشتُهر المطرب المصري عبد الحليم حافظ؟","العندليب الأسمر","",""
"ADM0001","أكلات","سهل","حجب","تافه: الوصف هو الكبسة","طبق سعودي أساسي يتكون من الأرز البسمتي مع اللحم أو الدجاج والبهارات الخاصة","الكبسة","",""
"ADM0003","أكلات","سهل","حجب","تافه + صياغة خبريّة لا سؤال","معكرونة تُقدم مع صلصة الريحان الأخضر الطازج، الثوم، الصنوبر، وزيت الزيتون.","باستا البستو","",""
"ADM0019","أكلات","سهل","حجب","تافه","ما الطبق الشامي المكوّن من كرات البرغل واللحم المحشوة؟","الكبة","",""
"ADM0020","أكلات","سهل","حجب","تافه","ما السلطة الشامية التي أساسها البقدونس والبرغل والطماطم؟","التبولة","",""
"ADM0022","أكلات","سهل","حجب","تافه","ما السلطة الشامية التي تحتوي خبزاً مقلياً أو محمصاً مع الخضار والسماق؟","الفتوش","",""
"ADM0023","أكلات","سهل","حجب","تافه","ما الحلوى الشامية المصنوعة من عجينة رفيعة وجبن أو قشطة ومغطاة بالقطر؟","الكنافة","",""
"ADM0038","أكلات","سهل","حجب","تافه","ما الطبق المغاربي المصنوع من حبيبات السميد المبخرة ويُقدّم مع الخضار واللحم؟","الكسكس","",""
"ADM0076","أكلات","سهل","حجب","تافه","ما الحلوى التركية المصنوعة من طبقات عجين رقيقة ومكسرات وقطر؟","البقلاوة","",""
"ADM0078","أكلات","سهل","حجب","تافه: «خبز التنور الهندي» هو النان","ما خبز التنور الهندي الطري المعروف؟","النان","",""
"ADM0079","أكلات","سهل","حجب","تافه","ما طبق الأرز الهندي المتبل الذي يُطهى غالباً مع اللحم أو الدجاج؟","البرياني","",""
"ADM0082","أكلات","سهل","حجب","تافه","ما الطبق الياباني الذي يجمع أرزاً متبلاً بالخل مع سمك أو خضار؟","السوشي","",""
"ADM0087","أكلات","سهل","حجب","تافه","ما الخبز المكسيكي الرقيق المصنوع من الذرة أو القمح؟","التورتيلا","",""
"ADM0095","أكلات","سهل","حجب","تافه","ما الطبق البريطاني المكوّن من سمك مقلي وبطاطا مقلية؟","فيش آند تشيبس","",""
"ADM0071","أكلات","سهل","حجب","تافه","ما المعجن الفرنسي الهلالي المصنوع من طبقات عجين وزبدة؟","الكرواسون","",""
"ADM0057","أكلات","سهل","حجب","تافه","ما الحلوى الخليجية المقلية على هيئة كرات صغيرة وتُغطى بالدبس أو القطر؟","اللقيمات","",""
"ADM0031","أكلات","سهل","حجب","تافه","ما الطبق المصري الأخضر الذي يُطهى من أوراق مفرومة ويُقدّم مع الأرز؟","الملوخية","",""
"ADM0029","أكلات","سهل","حجب","تافه","ما الطبق المصري الذي يجمع الأرز والمكرونة والعدس والحمص وصلصة الطماطم؟","الكشري","",""
"ADM0110","أكلات","سهل","حجب","تافه","ما البهار الأصفر الذي يُستخدم كثيراً لتلوين الأرز بديلاً عن الزعفران؟","الكركم","",""
"ADM0155","أكلات","متوسط","حجب","مكرّر مع ADM0260 (ماء الزهر)","ما ماء الزهر المستخدم بكثرة لتعطير الحلويات الشامية؟","ماء زهر البرتقال","",""
"E127","الكويت","سهل","حجب","تافه + الإجابة في السؤال","ما اسم الوجبة الشعبية الكويتية المكونة من الأرز والسمك؟","مچبوس السمك","",""
"ADM2522","ألعاب فيديو","سهل","حجب","تافه","ما اسم لعبة الهاتف التي يُقذف فيها طيورٌ غاضبة على خنازير خضراء؟","أنغري بيردز","",""
"ADM2530","ألعاب فيديو","سهل","حجب","تافه","حلوى ملوّنة تُطابقها ثلاثاً في صفّ على الهاتف — ما اسم اللعبة؟","كاندي كراش","",""
"ADM2523","ألعاب فيديو","سهل","حجب","مكرّر مع ADM3107 (فيفا/EA FC)","ما اسم سلسلة ألعاب كرة القدم التي كانت تحمل اسم الاتحاد الدوليّ حتّى 2023 ثمّ صارت «EA Sports FC»؟","فيفا","",""
"ADM2527","ألعاب فيديو","سهل","حجب","تافه","بطلٌ يقفز على سطوح القطارات هارباً من المفتّش وكلبه — ما اسم لعبة الهاتف؟","صب واي سيرفرز","",""
"ADM3099","ألعاب فيديو","سهل","حجب","تافه","ما اسم أخي ماريو ذي القبّعة الخضراء؟","لويجي","",""
"ADM2606","أنمي","سهل","حجب","تافه: كونان","ما اسم المحقّق الصغير الذي تقلّص جسمه بعد أن سُقي دواءً غريباً؟","كونان (المحقّق كونان)","",""
"ADM2615","أنمي","سهل","حجب","تافه: مانغا","ما الكلمة اليابانيّة للقصص المصوّرة التي تُقتبس منها معظم مسلسلات الأنمي؟","مانغا","",""
"M090","إسلامي","سهل","حجب","مكرّر مع E493 (الفاروق)","من الصحابي الملقب بالفاروق؟","عمر بن الخطاب","",""
"M093","إسلامي","سهل","حجب","تافه","ما أطول سورة في القرآن الكريم؟","سورة البقرة","",""
"M346","إسلامي","سهل","حجب","تافه","ما اسم أول شهر في التقويم الهجري؟","محرم","",""
"M349","إسلامي","سهل","حجب","تافه","من الخليفة الراشد الرابع؟","علي بن أبي طالب","",""
"E228","إسلامي","سهل","حجب","تافه","من النبي الذي أُلقي في النار فكانت بردًا وسلامًا عليه؟","إبراهيم عليه السلام","",""
"E046","إسلامي","سهل","حجب","تافه","من الصحابي الملقب بسيف الله المسلول؟","خالد بن الوليد","",""
"E225","إسلامي","سهل","حجب","مكرّر مع ADM3502 (63 سنة)","كم سنة عاش النبي صلى الله عليه وسلم؟","ثلاثًا وستين سنة","",""
"M096","إسلامي","متوسط","حجب","مكرّر مع ADM3434 (قلب القرآن)","ما السورة التي تُسمى قلب القرآن؟","سورة يس","",""
"ADM1961","السيرة النبوية","سهل","حجب","تافه","من الملَك الذي نزل بالوحي على النبيّ صلى الله عليه وسلم؟","جبريل عليه السلام","",""
"ADM1962","السيرة النبوية","سهل","حجب","تافه","إلى أيّ مدينةٍ هاجر النبيّ صلى الله عليه وسلم؟","المدينة المنوّرة","",""
"ADM1971","السيرة النبوية","سهل","حجب","تافه","في أيّ مدينةٍ دُفن النبيّ صلى الله عليه وسلم؟","المدينة المنوّرة","",""
"ADM1972","السيرة النبوية","سهل","حجب","تافه","ما اسم القبيلة التي ينتمي إليها النبيّ صلى الله عليه وسلم؟","قريش","",""
"ADM1964","السيرة النبوية","سهل","حجب","تافه","من أوّل الخلفاء الراشدين بعد النبيّ صلى الله عليه وسلم؟","أبو بكر الصدّيق رضي الله عنه","",""
"ADM1967","السيرة النبوية","سهل","حجب","تافه","من الصحابيّ الذي رافق النبيّ صلى الله عليه وسلم في الهجرة؟","أبو بكر الصدّيق رضي الله عنه","",""
"ADM1963","السيرة النبوية","سهل","حجب","تافه","ما اسم أوّل زوجات النبيّ صلى الله عليه وسلم؟","خديجة بنت خويلد رضي الله عنها","",""
"ADM1960","السيرة النبوية","سهل","حجب","تافه","ما أوّل كلمةٍ نزلت من القرآن الكريم؟","اقرأ","",""
"ADM1955","السيرة النبوية","سهل","حجب","تافه","ما اسم والد النبيّ صلى الله عليه وسلم؟","عبد الله","",""
"ADM2280","الصحابة والتابعون","سهل","حجب","تافه","من ثاني الخلفاء الراشدين؟","عمر بن الخطاب رضي الله عنه","",""
"ADM2285","الصحابة والتابعون","سهل","حجب","تافه + مكرّر مع ADM4405 (كربلاء)","من سبط النبيّ صلى الله عليه وسلم الذي استُشهد في كربلاء؟","الحسين بن عليّ رضي الله عنه","",""
"ADM4405","الصحابة والتابعون","سهل","حجب","تافه","في أيّ مدينة عراقية استُشهد الحسين بن علي؟","كربلاء","",""
"ADM3186","الصحابة والتابعون","سهل","حجب","مكرّر مع E393 (سعد والقادسية)","من الصحابيّ الذي قاد المسلمين في معركة القادسيّة؟","سعد بن أبي وقّاص رضي الله عنه","",""
"ADM2360","الفقه والعبادات","سهل","حجب","تافه","كم ركعةً في صلاة العشاء؟","أربع","",""
"ADM2361","الفقه والعبادات","سهل","حجب","تافه","أيّ ركنٍ من أركان الإسلام يُوصف بأنّه «عمود الدين»؟","الصلاة","",""
"ADM2365","الفقه والعبادات","سهل","حجب","تافه","ما اسم صلاة القيام الجماعيّة في ليالي رمضان؟","التراويح","",""
"ADM2366","الفقه والعبادات","سهل","حجب","تافه","ما اسم وجبة آخر الليل التي يتناولها الصائم قبل الفجر؟","السحور","",""
"ADM2369","الفقه والعبادات","سهل","حجب","تافه","ما اسم اللباس الذي يرتديه الحاجّ عند نيّة الحجّ؟","الإحرام","",""
"ADM2370","الفقه والعبادات","سهل","حجب","تافه","في أيّ يومٍ من ذي الحجّة يقف الحجّاج بعرفة؟","التاسع","",""
"ADM2372","الفقه والعبادات","سهل","حجب","تافه","ما البديل الشرعيّ عن الوضوء عند فقد الماء أو تعذّر استعماله؟","التيمّم","",""
"ADM3345","الفقه والعبادات","سهل","حجب","تافه","أيّ الصلوات المفروضة ثلاث ركعات؟","المغرب","",""
"ADM3351","الفقه والعبادات","سهل","حجب","تافه","بماذا يُختم المصلّي صلاته؟","التسليم","",""
"ADM3357","الفقه والعبادات","سهل","حجب","تافه","في أيّ شهرٍ هجريّ يُؤدّى الحجّ؟","ذو الحجّة","",""
"ADM3349","الفقه والعبادات","سهل","حجب","مكرّر مع E417 (الإفطار على التمر)","ما الذي يُستحبّ الإفطار عليه أوّلاً في رمضان؟","التمر (الرطب)","",""
"ADM2440","القرآن الكريم","سهل","حجب","تافه","في أيّ شهرٍ أُنزل القرآن الكريم؟","رمضان","",""
"ADM2441","القرآن الكريم","سهل","حجب","تافه","ما السورة التي تُسمّى «أمّ الكتاب»؟","الفاتحة","",""
"ADM2442","القرآن الكريم","سهل","حجب","تافه","ما آخر سورةٍ في ترتيب المصحف؟","الناس","",""
"ADM2443","القرآن الكريم","سهل","حجب","تافه","ما السورتان اللتان تُسمّيان «المعوّذتين»؟","الفلق والناس","",""
"ADM2453","القرآن الكريم","سهل","حجب","تافه","ما أوّل سورةٍ في ترتيب المصحف بعد الفاتحة؟","البقرة","",""
"ADM3421","القرآن الكريم","سهل","حجب","تافه","كم جزءاً في القرآن الكريم؟","ثلاثون","",""
"ADM3431","القرآن الكريم","سهل","حجب","تافه","في أيّ سورةٍ تقع آية الكرسيّ؟","البقرة","",""
"ADM2457","القرآن الكريم","سهل","حجب","مكرّر مع ADM2453 (البقرة) + تافه","ما أوّل سورةٍ من السور السبع الطوال؟","البقرة","",""
"E302","الكويت","سهل","حجب","تافه (كالأفنيوز المحذوف)","ما اسم السوق الشعبي القديم الأشهر في مدينة الكويت؟","سوق المباركية","",""
"E301","الكويت","سهل","حجب","تافه","ما المهنة التي كان يعتمد عليها أهل الكويت قبل ظهور النفط؟","الغوص على اللؤلؤ","",""
"ADM2823","الكويت","سهل","حجب","تافه","ما اسم مهرجان التسوّق السنويّ الذي يتزامن مع الأعياد الوطنيّة في الكويت؟","هلا فبراير","",""
"E380","الكويت","سهل","حجب","تافه","ما اسم المركز الكويتي الذي يضمّ أكبر حوض أسماك في المنطقة؟","المركز العلمي","",""
"E307","الكويت","سهل","حجب","تافه","ما السمكة التي تُعدّ الأغلى والأشهر على المائدة الكويتية؟","الزبيدي","",""
"E027","تاريخ وحضارات","سهل","حجب","تافه","ما اسم السفينة الشهيرة التي غرقت عام 1912؟","تيتانيك","",""
"E030","تاريخ وحضارات","سهل","حجب","مكرّر مع E261 (كولومبوس)","من الرحالة الذي وصل إلى أمريكا عام 1492؟","كريستوفر كولومبوس","",""
"E033","تاريخ وحضارات","سهل","حجب","مكرّر مع E269 (غاندي)","من الزعيم الهندي صاحب فلسفة اللاعنف؟","غاندي","",""
"E034","تاريخ وحضارات","سهل","حجب","مكرّر مع E270 (مانديلا)","من الزعيم الذي قاد النضال ضد الفصل العنصري في جنوب أفريقيا؟","نيلسون مانديلا","",""
"E035","تاريخ وحضارات","سهل","حجب","مكرّر مع E268 (صلاح الدين)","من القائد الذي حرر بيت المقدس من الصليبيين؟","صلاح الدين الأيوبي","",""
"E220","تاريخ وحضارات","سهل","حجب","تافه","ما الدولة التي ورثت الاتحاد السوفيتي بعد تفككه؟","روسيا","",""
"E032","تاريخ وحضارات","سهل","حجب","مكرّر مع ADM2114 (توت عنخ آمون)","ما اسم الفرعون الذي اكتُشفت مقبرته كاملة؟","توت عنخ آمون","",""
"E410","تاريخ وحضارات","سهل","حجب","مكرّر مع ADM2128 (الحدائق المعلّقة)","ما اسم الحدائق التي عُدّت من عجائب الدنيا القديمة وكانت في العراق؟","الحدائق المعلّقة","",""
"E214","تاريخ وحضارات","سهل","حجب","مكرّر مع ADM2123 (خوفو)","من الملك الذي بُني له الهرم الأكبر في الجيزة؟","خوفو","",""
"E213","تاريخ وحضارات","سهل","حجب","تافه","ما اسم الحيلة الخشبية التي دخل بها الإغريق مدينة طروادة؟","حصان طروادة","",""
"E113","تقنية ومنوعات","سهل","حجب","تافه","من مؤسس شبكة فيسبوك؟","مارك زوكربيرغ","",""
"E235","تقنية ومنوعات","سهل","حجب","مكرّر مع E491 (ماسك)","من مؤسس شركة سبيس إكس للصواريخ؟","إيلون ماسك","",""
"M105","تقنية ومنوعات","سهل","حجب","تافه","من مؤسس شركة مايكروسوفت؟","بيل غيتس","",""
"M106","تقنية ومنوعات","سهل","حجب","مكرّر مع E271 (جوبز)","من مؤسس شركة آبل؟","ستيف جوبز","",""
"E463","تقنية ومنوعات","سهل","حجب","تافه","ما اسم الشركة التي تصنع أجهزة بلايستيشن؟","سوني","",""
"E114","تقنية ومنوعات","سهل","حجب","تافه","ما أشهر عملة رقمية في العالم؟","بيتكوين","",""
"M246","تقنية ومنوعات","سهل","حجب","تافه","ما الشركة المطورة لنظام أندرويد؟","جوجل","",""
"E239","تقنية ومنوعات","سهل","حجب","تافه","ما اسم أكبر شركة نفط في السعودية؟","أرامكو","",""
"M003","تقنية ومنوعات","سهل","حجب","مكرّر مع E263 (إديسون)","من مخترع المصباح الكهربائي؟","توماس إديسون","",""
"E002","جغرافيا ومعالم","سهل","حجب","تافه","في أي دولة يقع برج بيزا المائل؟","إيطاليا","",""
"E009","جغرافيا ومعالم","سهل","حجب","تافه","في أي دولة تقع مدينة بيت لحم؟","فلسطين","",""
"E011","جغرافيا ومعالم","سهل","حجب","تافه","ما الدولة الأوروبية المشهورة بالطواحين وزهور التوليب؟","هولندا","",""
"E012","جغرافيا ومعالم","سهل","حجب","تافه","ما الدولة المشهورة بصناعة الساعات والشوكولاتة؟","سويسرا","",""
"E146","جغرافيا ومعالم","سهل","حجب","تافه","ما أكبر مدينة في مصر سكانًا؟","القاهرة","",""
"E021","جغرافيا ومعالم","سهل","حجب","تافه","ما البحر الذي تطل عليه سوريا ولبنان؟","البحر المتوسط","",""
"E007","جغرافيا ومعالم","سهل","حجب","تافه","ما المحيط الذي يفصل أوروبا عن أمريكا؟","المحيط الأطلسي","",""
"M123","جغرافيا ومعالم","سهل","حجب","تافه","ما المدينة الملقبة بمدينة الضباب؟","لندن","",""
"M435","جغرافيا ومعالم","سهل","حجب","تافه","ما الدولة الواقعة في قارتين وعاصمتها أنقرة؟","تركيا","",""
"ADM3827","حروف","سهل","حجب","تافه","ما الشركة التي تملك موقع يوتيوب؟","غوغل","",""
"ADM3833","حروف","سهل","حجب","تافه","ما الشركة السويدية الشهيرة بالأثاث؟","إيكيا","",""
"ADM4234","حروف","سهل","حجب","تافه","أيّ حيوان يظهر في شعار سيارات فيراري؟","الحصان","",""
"ADM4236","حروف","سهل","حجب","تافه","ما سلسلة المقاهي صاحبة شعار الحورية الخضراء؟","ستاربكس","",""
"ADM3828","حروف","سهل","حجب","تافه","ما الدولة التي تُلقّب ببلاد الأرز؟","لبنان","",""
"ADM3829","حروف","سهل","حجب","تافه","أيّ بلد عربيّ يُلقّب ببلاد الرافدين؟","العراق","",""
"ADM4237","حروف","سهل","حجب","تافه","ما الرياضة التي اشتهر بها تايغر وودز؟","الغولف","",""
"ADM4246","حروف","سهل","حجب","تافه","ما البلد الأصلي لأكلة التاكو؟","المكسيك","",""
"ADM4228","حروف","سهل","حجب","تافه","ما اسم عاصمة اليونان؟","أثينا","",""
"ADM2117","حضارات قديمة","سهل","حجب","تافه","ما اسم النهر الذي قامت على ضفافه الحضارة المصريّة؟","النيل","",""
"ADM2116","حضارات قديمة","سهل","حجب","تافه","ما اسم التمثال الضخم برأس إنسانٍ وجسد أسدٍ في الجيزة؟","أبو الهول","",""
"ADM2122","حضارات قديمة","سهل","حجب","تافه","ماذا كان يُسمّى ملك مصر القديمة؟","فرعون","",""
"ADM2121","حضارات قديمة","سهل","حجب","تافه","ما النهران اللذان قامت بينهما حضارة بلاد الرافدين؟","دجلة والفرات","",""
"ADM2126","حضارات قديمة","سهل","حجب","تافه + مكرّر مع ADM1159","ما الغرض الذي بُنيت من أجله الأهرامات؟","مقابر للملوك","",""
"ADM2130","حضارات قديمة","سهل","حجب","مكرّر مع E275 (أرسطو معلّم الإسكندر)","من الفيلسوف الإغريقيّ الذي كان أستاذاً للإسكندر الأكبر؟","أرسطو","",""
"H127","تاريخ وحضارات","صعب","حجب","مكرّر مع ADM2125 (الإنكا) ومستواه خاطئ","ما الحضارة التي بنت مدينة ماتشو بيتشو؟","حضارة الإنكا","",""
"ADM1800","دوري أبطال أوروبا","سهل","حجب","تافه","أيّ ناديٍ عاصميّ إسبانيّ يرتدي الأبيض ويُلقّب بالملكيّ؟","ريال مدريد","",""
"ADM1805","دوري أبطال أوروبا","سهل","حجب","تافه","في أيّ دولةٍ يلعب نادي يوفنتوس؟","إيطاليا","",""
"ADM1806","دوري أبطال أوروبا","سهل","حجب","مكرّر مع E174 (كامب نو)","ما الملعب الذي يستضيف مباريات برشلونة؟","كامب نو","",""
"ADM1814","دوري أبطال أوروبا","سهل","حجب","مكرّر مع S008 (السيدة العجوز)","أيّ ناديٍ إيطاليّ يُلقّب بـ«السيّدة العجوز»؟","يوفنتوس","",""
"ADM1804","دوري أبطال أوروبا","سهل","حجب","الإجابة في السؤال + مكرّر مع S054","ما اسم المسابقة الأوروبيّة الثانية في الترتيب بعد دوري الأبطال؟","الدوري الأوروبي","",""
"ADM2680","ديزني وبيكسار","سهل","حجب","تافه","ما اسم السمكة الصغيرة التي يبحث عنها أبوها في المحيط في فيلم بيكسار الشهير؟","نيمو","",""
"ADM2683","ديزني وبيكسار","سهل","حجب","تافه","ما اسم الأميرة التي فقدت حذاءها الزجاجيّ في الحفل؟","سندريلا","",""
"ADM2682","ديزني وبيكسار","سهل","حجب","تافه","ما اسم الدمية الخشبيّة التي يطول أنفها كلّما كذبت؟","بينوكيو","",""
"ADM2938","ديزني وبيكسار","سهل","حجب","تافه","ما اسم شبل الأسد بطل «الأسد الملك»؟","سيمبا","",""
"ADM2942","ديزني وبيكسار","سهل","حجب","تافه","ما اسم الملكة ذات القدرات الثلجيّة في «فروزن»؟","إلسا","",""
"ADM2943","ديزني وبيكسار","سهل","حجب","تافه","كم عدد الأقزام في «بياض الثلج»؟","سبعة","",""
"ADM2949","ديزني وبيكسار","سهل","حجب","تافه + الاسم في السؤال","ما اسم صديقة ميكي ماوس؟","ميني ماوس","",""
"ADM2686","ديزني وبيكسار","سهل","حجب","تافه: «مصباح علاء الدين» جوابٌ عن فيلم علاء الدين","ما اسم المصباح السحريّ الذي يخرج منه المارد في فيلم ديزني عن فتى الشارع؟","مصباح علاء الدين","",""
"ADM2755","ديزني وبيكسار","تعجيزي","حجب","مكرّر مع ADM2704 (الأميرة والضفدع)","أوّل فيلمٍ طويل لديزني بأميرةٍ من أصلٍ إفريقيّ — ما هو؟","الأميرة والضفدع","",""
"S015","رياضة عامة","سهل","حجب","تافه","ما لقب نادي ليفربول الإنجليزي؟","الريدز","",""
"ADM0620","سيارات","سهل","حجب","تافه","أي علامة تشتهر بسيارة غولف؟","فولكس فاغن","",""
"ADM0690","سيارات","سهل","حجب","تافه","من الصانع الذي يبيع سيارة موستانغ؟","فورد","",""
"ADM0623","سيارات","سهل","حجب","تافه","أي علامة تشتهر بسيارة رانجلر؟","جيب","",""
"ADM0615","سيارات","سهل","حجب","تافه + صياغة أمر «حدّد»","حدد دولة المنشأ لعلامة تسلا.","الولايات المتحدة","",""
"E313","سينما ودراما","سهل","حجب","تافه","من الفنان المصري الملقّب بـ«الزعيم»؟","عادل إمام","",""
"E329","سينما ودراما","سهل","حجب","تافه + فئة صراع العروش قائمة","ما مسلسل الفانتازيا الشهير الذي تتصارع فيه ممالك على العرش الحديدي وتظهر فيه التنانين؟","لعبة العروش","",""
"E390","سينما ودراما","سهل","حجب","تافه","ما اسم الشخصية الكرتونية الفأر الذي أنشأ عليه والت ديزني شركته؟","ميكي ماوس","",""
"E483","سينما ودراما","سهل","حجب","تافه","ما اسم الشخصية الكرتونية البحّار الذي يقوى بأكل السبانخ؟","بوباي","",""
"E387","سينما ودراما","سهل","حجب","تافه","ما اسم الفيلم الذي تدور أحداثه حول لعبة أطفال تنبض بالحياة حين يغيب البشر؟","حكاية لعبة","",""
"E485","سينما ودراما","سهل","حجب","تافه + الإجابة في السؤال","ما اسم الفيلم الذي تدور أحداثه حول أميرة تجمّد كل ما تلمسه بالثلج؟","ملكة الثلج فروزن","",""
"E481","سينما ودراما","سهل","حجب","تافه","ما اسم فيلم الرسوم المتحركة الذي بطله دبّ أخرق يصير محارباً أسطورياً في وادي السلام؟","كونغ فو باندا","",""
"M584","سينما ودراما","سهل","حجب","تافه","ما الاسم الذي تُعرف به صناعة السينما الهندية؟","بوليوود","",""
"E328","سينما ودراما","سهل","حجب","تافه","من بطل فيلم «اللمبي»؟","محمد سعد","",""
"E327","سينما ودراما","سهل","حجب","تافه","من بطل فيلم «صعيدي في الجامعة الأمريكية»؟","محمد هنيدي","",""
"E356","طب وصحة","سهل","حجب","تافه","ما أكبر عضو في جسم الإنسان؟","الجلد","",""
"E198","طب وصحة","سهل","حجب","تافه","إلى أي جهاز ينتمي المخ والحبل الشوكي؟","الجهاز العصبي","",""
"E197","طب وصحة","سهل","حجب","تافه","ما اسم المرض الذي يفقد فيه كبار السن ذاكرتهم تدريجيًا؟","الزهايمر","",""
"ADM2854","طب وصحة","سهل","حجب","تافه","ما اسم مرض نقص المناعة المكتسب الذي يسبّبه فيروس HIV؟","الإيدز","",""
"E431","علوم واختراعات","سهل","حجب","تافه","ما اسم الظاهرة التي تظهر فيها ألوان الطيف في السماء بعد المطر؟","قوس قزح","",""
"M029","علوم واختراعات","سهل","حجب","تافه","من صاحب قانون الجاذبية؟","إسحاق نيوتن","",""
"M076","علوم واختراعات","سهل","حجب","مكرّر مع E260 (النسبية)","ما أشهر نظرية وضعها ألبرت أينشتاين؟","النسبية","",""
"M191","علوم واختراعات","سهل","حجب","مكرّر مع E267 (ماري كوري)","من أول امرأة تحصل على جائزة نوبل؟","ماري كوري","",""
"ADM2034","قصص الأنبياء","سهل","حجب","تافه","من النبيّ الذي التقمه الحوت؟","يونس عليه السلام","",""
"ADM2036","قصص الأنبياء","سهل","حجب","تافه","من النبيّ الذي صنع الفلك ونجا بمن آمن معه؟","نوح عليه السلام","",""
"ADM2038","قصص الأنبياء","سهل","حجب","تافه","من النبيّ الذي ألقاه إخوته في الجبّ؟","يوسف عليه السلام","",""
"ADM2043","قصص الأنبياء","سهل","حجب","تافه","من أوّل الأنبياء وأبو البشر؟","آدم عليه السلام","",""
"ADM2052","قصص الأنبياء","سهل","حجب","تافه","ما اسم أمّ عيسى عليه السلام؟","مريم عليها السلام","",""
"ADM2041","قصص الأنبياء","سهل","حجب","تافه + موسى مكرّر في الخليّة مع ADM2035","من النبيّ الذي انفلق له البحر فنجا وأُغرق فرعون؟","موسى عليه السلام","",""
"ADM3270","قصص الأنبياء","سهل","حجب","تافه","ما اسم البيت الذي بناه إبراهيم وإسماعيل عليهما السلام في مكّة؟","الكعبة","",""
"ADM3275","قصص الأنبياء","سهل","حجب","تافه: «زوجة لوط» → «امرأة لوط»","ما اسم زوجة لوط عليه السلام كما تُعرف في القرآن؟","امرأة لوط","",""
"ADM2045","قصص الأنبياء","سهل","حجب","مكرّر مع E490 (صبر أيوب)","من النبيّ الذي يُضرب المثل بصبره على البلاء؟","أيوب عليه السلام","",""
"ADM3276","قصص الأنبياء","سهل","حجب","مكرّر مع E496 (عيسى تكلّم في المهد)","من النبيّ الذي تكلّم في المهد صبيّاً؟","عيسى عليه السلام","",""
"ADM1876","كأس العالم","سهل","حجب","تافه","أيّ إمارةٍ خليجيّة احتضنت النهائيات سنة 2022؟","قطر","",""
"ADM1877","كأس العالم","سهل","حجب","تافه","من رفع اللقب في ملعب لوسيل بعد ركلات الترجيح؟","الأرجنتين","",""
"ADM1874","كأس العالم","سهل","حجب","تافه","كم عاماً يفصل بين نسخةٍ وأخرى من البطولة؟","أربعة أعوام","",""
"ADM1892","كأس العالم","سهل","حجب","مكرّر مع ADM1877 (نهائيّ 2022)","أيّ منتخبٍ أوروبيّ خسر نهائيّ 2022؟","فرنسا","",""
"ADM2207","لغة عربية","سهل","حجب","تافه","ما جمع كلمة «قلم»؟","أقلام","",""
"ADM2208","لغة عربية","سهل","حجب","تافه","ما جمع كلمة «مدينة»؟","مدن","",""
"ADM2209","لغة عربية","سهل","حجب","تافه","ما جمع كلمة «امرأة»؟","نساء","",""
"ADM2210","لغة عربية","سهل","حجب","تافه","ما ضدّ كلمة «الكرم»؟","البخل","",""
"ADM2211","لغة عربية","سهل","حجب","تافه","ما ضدّ كلمة «الجبن»؟","الشجاعة","",""
"ADM2212","لغة عربية","سهل","حجب","تافه","ما مرادف كلمة «الفرح»؟","السرور","",""
"ADM2216","لغة عربية","سهل","حجب","تافه","ما مؤنّث كلمة «فتى»؟","فتاة","",""
"ADM2217","لغة عربية","سهل","حجب","تافه","ما أوّل حروف الأبجديّة العربيّة؟","الألف","",""
"ADM2200","لغة عربية","سهل","حجب","تافه","ما آخر حروف الأبجديّة العربيّة؟","الياء","",""
"ADM3589","لغة عربية","سهل","حجب","تافه + مكرّر مع L005","كم حرفاً في الأبجديّة العربيّة؟","28","",""
"ADM3581","لغة عربية","سهل","حجب","تافه","ما اسم صوت القطّ؟","المواء","",""
"ADM3582","لغة عربية","سهل","حجب","تافه","ما اسم صوت الديك؟","الصياح","",""
"ADM2215","لغة عربية","سهل","حجب","تافه","ما مؤنّث كلمة «أسد»؟","لبؤة","",""
"ADM2206","لغة عربية","سهل","حجب","تافه","ما اسم مسكن النحل؟","الخليّة","",""
"ADM3587","لغة عربية","سهل","حجب","تافه","ما جمع كلمة «ذئب»؟","ذئاب","",""
"ADM3586","لغة عربية","سهل","حجب","تافه","ما جمع كلمة «عدوّ»؟","أعداء","",""
"ADM2202","لغة عربية","سهل","حجب","تافه","ما اسم صوت الأسد؟","الزئير","",""
"ADM2201","لغة عربية","سهل","حجب","تافه","ما اسم صوت الحصان؟","الصهيل","",""
"ADM2218","لغة عربية","سهل","حجب","تافه","ما اسم الفعل الذي يدلّ على حدثٍ في المستقبل؟","الفعل المضارع","",""
"ADM1180","مسلسلات كويتية","سهل","حجب","تافه","ما اسم المسلسل الكويتيّ الكوميديّ الشهير الذي تدور أحداثه حول جيرانٍ في حيٍّ قديم؟","درب الزلق","",""
"ADM5632","مسلسلات كويتية","سهل","حجب","تافه","من أدّت دور سبيكة في «رقية وسبيكة»؟","حياة الفهد","",""
"ADM1155","معالم","سهل","حجب","تافه: المتحف","ماذا يُسمّى المبنى الذي تُعرض فيه التحف والآثار؟","المتحف","",""
"ADM1156","معالم","سهل","حجب","تافه","ماذا تُسمّى البناية العالية جدّاً ذات الطوابق الكثيرة؟","ناطحة سحاب","",""
"ADM1157","معالم","سهل","حجب","تافه","ماذا يُسمّى البناء الحصين الذي كان يُتّخذ للدفاع قديماً؟","القلعة","",""
"ADM1159","معالم","سهل","حجب","تافه","ماذا كان يُدفن في الأبنية الهرميّة الضخمة بمصر القديمة؟","الملوك","",""
"ADM1160","معالم","سهل","حجب","تافه","ماذا يُسمّى القبر الفخم الذي يُبنى لعظيم؟","الضريح","",""
"ADM1161","معالم","سهل","حجب","تافه","ماذا يُسمّى البناء الذي يُعبد فيه عند غير المسلمين قديماً؟","المعبد","",""
"ADM1163","معالم","سهل","حجب","تافه: الباب","ماذا تُسمّى البوّابة الكبيرة في سور المدينة؟","الباب","",""
"ADM1166","معالم","سهل","حجب","تافه","ماذا يُسمّى من يصمّم المباني ويرسم مخطّطاتها؟","المهندس المعماريّ","",""
"ADM1167","معالم","سهل","حجب","تافه","ماذا يُسمّى ما تبقّى من مدينة قديمة اندثرت؟","الأطلال","",""
"ADM1158","معالم","سهل","حجب","تافه","ماذا تُسمّى المئذنة في المسجد بلفظٍ آخر؟","المنارة","",""
"ADM1165","معالم","سهل","حجب","تافه","ماذا يُسمّى المكان الذي يقف فيه الإمام في المسجد؟","المحراب","",""
"ADM1154","معالم","سهل","حجب","مكرّر مقلوب مع H069 (الموناليزا/اللوفر)","ما أشهر لوحة يضمّها متحف اللوفر؟","الموناليزا","",""
"M034","أدب وفنون","متوسط","حجب","مكرّر مع L009 (أحمد شوقي) + الاسم في السؤال","من صاحب ديوان الشوقيات؟","أحمد شوقي","",""
"E487","سينما ودراما","سهل","حجب","لقبٌ بجوابين: «الفنان الشامل» لصلاح ذو الفقار أيضاً (ADM1322)","ما اسم الفنان المصري الملقّب بـ«الفنان الشامل»؟","محمد فوزي","",""
"ADM0048","أكلات","سهل","إعادة صياغة","الإجابة في السؤال","ما الحلوى العُمانية الهلامية التي تُنكّه بالزعفران وماء الورد؟","الحلوى العُمانية","ما اسم الحلوى الهلاميّة القوام التي تُقدَّم مع القهوة في مسقط ونزوى، وتُنكَّه بالزعفران والهيل وماء الورد؟",""
"ADM0150","أكلات","متوسط","إعادة صياغة","الإجابة في السؤال","ما اسم سلطة الفلفل والطماطم المشوية والمفرومة في تونس؟","السلطة المشوية","ما اسم الطبق التونسيّ الشعبيّ من الحمّص المغليّ في مرقٍ حارّ بالكمّون والهريسة يُغمس فيه الخبز اليابس صباحاً؟","اللبلابي"
"ADM0165","أكلات","متوسط","إعادة صياغة","الإجابة في السؤال","ما اسم الجبن الأبيض المالح المستخدم في الكنافة النابلسية؟","الجبن النابلسي","ما اسم الجبن الفلسطينيّ الأبيض المالح المنسوب إلى مدينةٍ في الضفّة الغربيّة، ويُغلى في ماءٍ محلّى قبل استعماله في الكنافة؟",""
"ADM0184","أكلات","متوسط","إعادة صياغة","الإجابة في السؤال","ما الفرن الطيني الذي يُخبز فيه النان ويُشوى فيه دجاج التندوري؟","التندور","ما اسم الفرن الطينيّ الأسطوانيّ الذي يُلصق خبز النان بجداره ويُشوى فيه الدجاج في المطبخ الهنديّ؟",""
"ADM0227","أكلات","صعب","إعادة صياغة","الإجابة في السؤال","ما الثمرة التي تمنح الكبة السفرجلية اسمها ونكهتها الحلوة الحامضة؟","السفرجل","ما الثمرة التي تُطهى مع كرات الكبّة في مرقٍ حلوٍ حامض في طبقٍ حلبيٍّ يحمل اسمها؟",""
"ADM0162","أكلات","متوسط","إعادة صياغة","الإجابة في السؤال","ما اسم خليط الثوم المهروس مع الزيت والليمون الذي يرافق الدجاج المشوي؟","الثومية","ما اسم الصلصة البيضاء الكثيفة التي تُخفق من فصوصٍ مهروسة مع الزيت والليمون وترافق الدجاج المشويّ في الشام؟",""
"ADM0207","أكلات","صعب","إعادة صياغة","الإجابة في السؤال","ما اسم السمك المملّح المجفّف الذي يُطبخ مع الأرز في الخليج ويُعرف اختصاراً بالمالح؟","المالح","ما اسم السمك المملّح المجفّف الذي يُطبخ مع الأرز في الخليج؟",""
"ADM2418","الفقه والعبادات","صعب","إعادة صياغة","الإجابة في السؤال","ما اسم الطواف الذي يؤدّيه القارن والمفرد أوّل قدومهما مكّة؟","طواف القدوم","ما اسم الطواف الذي يؤدّيه القارن والمفرد أوّل ما يصلان مكّة؟",""
"ADM2759","ديزني وبيكسار","تعجيزي","إعادة صياغة","الإجابة في السؤال","فيلم بيكسار 2022 الذي يحكي أصل باز لايتيير كرائد فضاءٍ حقيقيّ — ما اسمه؟","لايتيير (Lightyear)","فيلم بيكسار 2022 يحكي أصل رائد الفضاء الذي صُنعت على صورته لعبة باز في «حكاية لعبة» — ما اسمه؟",""
"M542","سينما ودراما","متوسط","إعادة صياغة","الإجابة في السؤال","ما الفيلم المصري الذي يروي صراع الفلاحين على الأرض والماء وأخرجه يوسف شاهين سنة ١٩٧٠؟","الأرض","ما الفيلم المصري الذي يروي صراع الفلاحين مع الإقطاع على الريّ، وأخرجه يوسف شاهين سنة 1970؟",""
"ADM0661","سيارات","متوسط","إعادة صياغة","الإجابة في السؤال","أي سيارة نيسان كانت تسمى في اليابان فيرليدي Z؟","نيسان Z","أي سيارة نيسان الرياضيّة كانت تُسمّى في اليابان «فيرليدي»؟",""
"M729","أدب وفنون","متوسط","إعادة صياغة","الإجابة في السؤال","ما اسم الحركة الفنية التي تعمّد تشويه الأشكال للتعبير عن المشاعر؟","التعبيرية","ما اسم الحركة الفنية التي تعمّدت تشويه الأشكال والألوان لإظهار المشاعر الداخليّة بدل نقل المرئيّ؟",""
"L046","أدب وفنون","صعب","إعادة صياغة","الإجابة في السؤال","ما اسم الكتاب الذي جمع فيه ابن قتيبة أخبار الشعراء وأشعارهم؟","الشعر والشعراء","ما اسم كتاب ابن قتيبة في تراجم أهل النظم من الجاهليّة إلى عصره؟",""
"L057","أدب وفنون","صعب","إعادة صياغة","الإجابة في السؤال","ما اسم الحركة الأدبية التي دعت إلى تصوير الواقع كما هو؟","الواقعية","ما اسم الحركة الأدبية التي دعت إلى تصوير الحياة كما هي بلا تجميل؟",""
"ADM2602","أنمي","سهل","إعادة صياغة","الإجابة في السؤال","فتىً يصير قاتلَ شياطين لينقذ أخته التي تحوّلت إلى شيطان — ما اسم الأنمي؟","قاتل الشياطين (Demon Slayer)","فتىً يحمل سيفاً لينقذ أخته نيزوكو ممّا أصابها — ما اسم الأنمي؟",""
"ADM1083","معالم","صعب","إعادة صياغة","الإجابة في السؤال","في عهد أيّ دولة إسلاميّة بُني المسجد الأمويّ بدمشق؟","الأمويّة","في عهد أيّ دولة إسلاميّة بُني الجامع الكبير بدمشق في أوائل القرن الثامن الميلادي؟",""
"ADM1168","معالم","متوسط","إعادة صياغة","الإجابة في السؤال","ماذا يُسمّى الطراز المعماريّ الإسلاميّ الذي ساد في الأندلس؟","الأندلسيّ","ماذا يُسمّى الطراز المعماريّ الإسلاميّ الذي ساد في إسبانيا في عصر الحكم الإسلاميّ؟",""
"ADM2707","ديزني وبيكسار","متوسط","إعادة صياغة","الإجابة في السؤال","ما اسم العائلة الخارقة في فيلم بيكسار عن أبطالٍ خارقين متقاعدين؟","عائلة الخارقين (The Incredibles)","ما اسم العائلة بطلة فيلم بيكسار 2004 عن أبٍ وأمٍّ وأطفالٍ بقدراتٍ فوق طبيعيّة يعيشون متخفّين؟",""
"ADM2234","لغة عربية","متوسط","إعادة صياغة","الإجابة في السؤال","ما اسم العلامة التي تدلّ على تنوين الاسم النكرة؟","التنوين","ما اسم العلامة (نونٌ ساكنة تلحق آخر الاسم لفظاً لا كتابةً) التي تدلّ على أنّ الاسم نكرة؟",""
"ADM2729","ديزني وبيكسار","صعب","إعادة صياغة","الإجابة في السؤال","ما اسم فيلم ديزني الذي تتحوّل فيه فتاةٌ كنديّة إلى باندا أحمر عند الانفعال؟","تحوّل أحمر (Turning Red)","ما اسم فيلم بيكسار 2022 عن فتاةٍ كنديّة من أصلٍ صينيّ تنقلب إلى دبّ باندا ضخم كلّما اشتدّ انفعالها؟",""
"ADM5012","لغة عربية","صعب","إعادة صياغة","الإجابة في السؤال","ماذا يُسمّى التعب الشديد في قوله تعالى «لا يمسّهم فيها نَصَبٌ»؟","النَّصَب","ما الكلمة القرآنيّة التي تعني التعب الشديد، وذُكرت مع «اللغوب» في وصف أهل الجنّة بأنّه لا يمسّهم؟",""
"ADM3022","أنمي","سهل","إعادة صياغة","الإجابة في السؤال","ما اسم الكنز الأسطوريّ الذي يبحث عنه القراصنة في «ون بيس»؟","ون بيس","ما اسم الكنز الأسطوريّ الذي خلّفه ملك القراصنة غول دي روجر ويسعى إليه لوفي؟",""
"ADM3413","الفقه والعبادات","تعجيزي","إعادة صياغة","الإجابة في السؤال","ما اسم تأخّر الحاجّ في منى إلى اليوم الثالث عشر من ذي الحجّة؟","التأخّر (النفر الثاني)","ماذا يُسمّى بقاء الحاجّ في منى إلى اليوم الثالث عشر من ذي الحجّة بدل النفر في الثاني عشر؟",""
"ADM3433","القرآن الكريم","سهل","إعادة صياغة","الإجابة في السؤال","ما السورة التي فيها «الله نور السماوات والأرض»؟","النور","ما السورة التي فيها الآية المشهورة بتشبيه هداية الله بمشكاةٍ فيها مصباح؟",""
"ADM3457","القرآن الكريم","متوسط","إعادة صياغة","الإجابة في السؤال","ما السورة التي قال عنها النبيّ صلى الله عليه وسلم «شيّبتني هود وأخواتها»؟","هود","أيّ سورةٍ قال عنها النبيّ صلى الله عليه وسلم «شيّبتني … وأخواتها»؟",""
"ADM3554","السيرة النبوية","صعب","إعادة صياغة","الإجابة في السؤال","ما اسم الجبل الصغير الذي أمر النبيّ صلى الله عليه وسلم الرماة بالثبات عليه يوم أُحد؟","جبل الرماة (عينين)","ما اسم الجبل الصغير الذي وضع النبيّ صلى الله عليه وسلم عليه خمسين من أصحابه يوم أُحد وأمرهم ألّا يبرحوه؟",""
"ADM3744","حضارات قديمة","سهل","إعادة صياغة","الإجابة في السؤال","ما اسم العصر الذي صنع فيه الإنسان أدواته من الحجر قبل أن يعرف المعادن؟","العصر الحجريّ","ما اسم العصر الذي صنع فيه الإنسان أدواته من الصوّان قبل أن يعرف المعادن؟",""
"M673","إسلامي","متوسط","إعادة صياغة","الإجابة في السؤال","في أي غزوة نزل قوله تعالى «ويوم حنين إذ أعجبتكم كثرتكم»؟","غزوة حنين","في أي غزوة أعجب المسلمون بكثرتهم فلم تُغنِ عنهم شيئاً في بدايتها كما ذكر القرآن؟",""
"ADM2133","حضارات قديمة","سهل","إعادة صياغة","الإجابة في السؤال","ما اسم الوادي الذي دُفن فيه ملوك مصر القديمة؟","وادي الملوك","ما اسم الوادي غربيّ النيل قرب الأقصر الذي حُفرت فيه مقابر فراعنة الدولة الحديثة؟",""
"ADM6068","بريكنغ باد","صعب","إعادة صياغة","الإجابة في السؤال","ما الحلقة الشهيرة التي دارت كلّها حول مطاردة ذبابة في المختبر؟","الذبابة (فلاي)","ما الحلقة الشهيرة من الموسم الثالث التي دارت كلّها داخل المختبر حول مطاردة حشرةٍ طائرة؟",""
"M507","الكويت","متوسط","إعادة صياغة","الإجابة في السؤال","أي برج كويتي بقي هيكلاً غير مكتمل حتى بعد التحرير ثمّ افتُتح سنة 1996؟","برج التحرير","أي برج كويتي بقي هيكلاً غير مكتمل سنواتٍ ثمّ افتُتح سنة 1996 وحمل اسماً يخلّد نهاية الغزو؟",""
"H269","الكويت","صعب","إعادة صياغة","الإجابة في السؤال","ما اسم المجلة الثقافية الشهيرة التي تصدر من الكويت منذ خمسينيات القرن الماضي ووصلت إلى كل بيت عربي؟","مجلة العربي","ما اسم المجلة الثقافية الشهرية التي تصدرها وزارة الإعلام الكويتية منذ 1958 ووصلت إلى كل بيت في المنطقة؟",""
"ADM0006","أكلات","سهل","إعادة صياغة","الإجابة في السؤال","ما الطبق الكويتي الذي يتكوّن من سمك وأرز مطهوّين معاً؟","مطبق السمك","ما الطبق الكويتي الذي يُطهى فيه الأرز فوق السمك في قدرٍ واحد فيُقدَّمان طبقتين؟",""
"ADM0158","أكلات","متوسط","إعادة صياغة","الإجابة في السؤال","ما اسم خليط الزعتر والسماق والسمسم الشائع على المناقيش؟","خلطة الزعتر","ما اسم الخلطة الشاميّة من أوراق عشبةٍ مجفّفة مطحونة مع السماق والسمسم تُرشّ على المناقيش؟",""
"ADM0260","أكلات","صعب","إعادة صياغة","الإجابة في السؤال","ما المادة العطرية المستخرجة من زهر النارنج والمستخدمة في الحلويات؟","ماء الزهر","ما السائل العطريّ المقطَّر من النارنج الذي تُعطَّر به الحلويات الشاميّة؟",""
"ADM0267","أكلات","صعب","إعادة صياغة","الإجابة في السؤال","ما المادة التي تجعل السحلب يثخن عند التسخين؟","نشا درنات السحلب","ما المادّة التي تجعل مشروب السحلب يثخن عند التسخين؟","النشا"
"ADM0272","أكلات","صعب","إعادة صياغة","الإجابة في السؤال","ما اسم خليط الباذنجان المدخن واللبن الذي يُقدّم تحت اللحم في طبق علي نازك؟","هريس الباذنجان باللبن","ما اسم الطبق التركيّ الذي يُقدَّم فيه اللحم فوق هريس الباذنجان المدخّن باللبن، ويُنسب إلى امرأةٍ اسمها «نازك»؟","علي نازك"
"ADM0229","أكلات","متوسط","إعادة صياغة","الإجابة في السؤال","ما اسم الطبق الحلبي الذي تُطهى فيه كرات اللحم مع الكرز الحامض؟","الكباب بالكرز","ما اسم الطبق الحلبيّ الذي تُطهى فيه كرات اللحم مع فاكهةٍ حامضة حمراء وتُقدَّم على الخبز؟",""
"ADM0258","أكلات","صعب","إعادة صياغة","الإجابة في السؤال","ما الفرق بين القطر والدبس؟","القطر شراب سكر والدبس عصارة فاكهة مركزة","ما اسم الجبن الشاميّ المعقود على شكل خيوطٍ مضفورة ويُحفظ بالحبّة السوداء؟","الجبنة المجدولة (المشلّلة)"
"M405","علوم واختراعات","متوسط","إعادة صياغة","الإجابة في السؤال","من مخترع محرك الديزل؟","رودولف ديزل","من المهندس الألمانيّ الذي اخترع محرّك الاحتراق بالضغط الذي يحمل اسمه؟",""
"M739","سينما ودراما","متوسط","إعادة صياغة","الإجابة في السؤال","ما اسم المسلسل التركي الذي تناول حياة السلطان سليمان القانوني؟","حريم السلطان","ما اسم المسلسل التركيّ الذي تناول حياة سليمان القانوني وزوجته هرّم؟",""
"ADM0679","سيارات","متوسط","إعادة صياغة","الإجابة في السؤال","من صنع سيارة بنز باتنت موتورفاغن التي تعد أول سيارة عملية بمحرك بنزين؟","كارل بنز","من المهندس الألمانيّ الذي صنع «باتنت موتورفاغن» سنة 1886، وتُعدّ أوّل سيارة عمليّة بمحرّك بنزين؟",""
"ADM0706","سيارات","صعب","إعادة صياغة","الإجابة في السؤال","من مؤسّس فيراري الذي كان سائقاً لدى ألفا روميو قبل أن يبني شركته؟","إنزو فيراري","من مؤسّس الشركة الإيطاليّة صاحبة شعار الحصان الجامح، وكان سائقاً لدى ألفا روميو قبل أن يبني شركته؟",""
"ADM2649","أنمي","صعب","إعادة صياغة","الإجابة في السؤال","صائدو جوائز في الفضاء على متن سفينة «بيبوب» وبطلهم سبايك — ما اسم الأنمي؟","كاوبوي بيبوب","صائدو جوائز في الفضاء بزعامة سبايك شبيغل على متن سفينةٍ قديمة — ما اسم الأنمي؟",""
"ADM2651","أنمي","صعب","إعادة صياغة","الإجابة في السؤال","أنمي ملاكمةٍ بطله «إيبو ماكونوتشي» — ما اسمه؟","هاجيمي نو إيبو","أنمي ملاكمةٍ بطله فتىً خجول يُدعى «ماكونوتشي» — ما اسمه؟",""
"ADM2654","أنمي","صعب","إعادة صياغة","الإجابة في السؤال","رجلٌ يُبعث وحلاً في عالمٍ آخر باسم «ريمورو» ويقود أمّةً من الوحوش — ما اسم الأنمي؟","تحوّلت إلى وحل (Tensura)","رجلٌ يُبعث في عالمٍ آخر كائناً هلاميّاً باسم «ريمورو» ويقود أمّةً من الوحوش — ما اسم الأنمي؟",""
"ADM2600","أنمي","سهل","إعادة صياغة","الإجابة في السؤال","ما اسم الأنمي الذي يقاتل فيه البشر عمالقةً آكلي بشر من خلف أسوارٍ ضخمة؟","هجوم العمالقة (Attack on Titan)","ما اسم الأنمي الذي يعيش فيه البشر خلف ثلاثة أسوارٍ ضخمة خوفاً من كائناتٍ آكلةٍ للبشر؟",""
"ADM2616","أنمي","سهل","إعادة صياغة","الإجابة في السؤال","فتىً يقود روبوتاً عملاقاً باسم «إيفا» لقتال «الملائكة» — ما اسم الأنمي؟","إيفانجيليون","فتىً يقود روبوتاً عملاقاً لقتال كائناتٍ تُدعى «الملائكة» — ما اسم الأنمي؟",""
"ADM1662","معالم","تعجيزي","إعادة صياغة","الإجابة في السؤال","لمن بُني تاج محل؟","ممتاز محل","ما اسم زوجة شاه جهان التي بُني الضريح الرخاميّ في أغرا تخليداً لها؟",""
"ADM2299","الصحابة والتابعون","سهل","إعادة صياغة","الإجابة في السؤال","من التابعيّ الزاهد البصريّ صاحب المواعظ المشهورة؟","الحسن البصريّ","من التابعيّ الزاهد صاحب المواعظ المشهورة الذي عاش في مدينةٍ عراقيّة وتُوفّي سنة 110هـ؟",""
"ADM2319","الصحابة والتابعون","متوسط","إعادة صياغة","الإجابة في السؤال","من الصحابيّ الرومي الأصل الذي قال له النبيّ صلى الله عليه وسلم «ربح البيع أبا يحيى»؟","صهيب الروميّ رضي الله عنه","من الصحابيّ الذي قال له النبيّ صلى الله عليه وسلم «ربح البيع أبا يحيى» حين ترك ماله لقريش وهاجر؟",""
"ADM3181","الصحابة والتابعون","سهل","إعادة صياغة","الإجابة في السؤال","من الصحابيّ الفارسيّ الذي رحل في طلب الدين الحقّ حتى أسلم في المدينة؟","سلمان الفارسيّ رضي الله عنه","من الصحابيّ الذي تنقّل بين الرهبان في طلب الدين الحقّ حتى أسلم في المدينة، وأشار بحفر الخندق؟",""
"ADM3189","الصحابة والتابعون","سهل","إعادة صياغة","الإجابة في السؤال","من الصحابيّ الزاهد الذي أسلم قديماً وكان من قبيلة غفار؟","أبو ذرّ الغفاريّ رضي الله عنه","من الصحابيّ الزاهد الذي قال فيه النبيّ صلى الله عليه وسلم «ما أظلّت الخضراء ولا أقلّت الغبراء أصدق لهجةً منه»؟",""
"ADM3206","الصحابة والتابعون","متوسط","إعادة صياغة","الإجابة في السؤال","قبل القادسيّة انتصر المسلمون في البويب بقيادة صحابيٍّ شيبانيّ — من هو؟","المثنّى بن حارثة الشيبانيّ رضي الله عنه","قبل القادسيّة انتصر المسلمون على الفرس في البويب بقيادة صحابيٍّ — من هو؟",""
"ADM3220","الصحابة والتابعون","صعب","إعادة صياغة","الإجابة في السؤال","من الصحابيّ الدوسيّ الذي كان له نورٌ في سوطه ولُقّب بذي النور؟","الطفيل بن عمرو الدوسيّ رضي الله عنه","من الصحابيّ الذي كان له نورٌ في سوطه فلُقّب بذي النور؟",""
"ADM1984","السيرة النبوية","متوسط","إعادة صياغة","الإجابة في السؤال","ما اسم الأنصاريّ الذي نزل النبيّ صلى الله عليه وسلم في بيته أوّل قدومه المدينة؟","أبو أيّوب الأنصاريّ رضي الله عنه","ما اسم الصحابيّ الذي نزل النبيّ صلى الله عليه وسلم في بيته أوّل قدومه المدينة؟",""
"ADM3182","الصحابة والتابعون","سهل","إعادة صياغة","الإجابة في السؤال","من الصحابيّ ابن سميّة وياسر الذي عُذّب معهما في مكّة؟","عمّار بن ياسر رضي الله عنه","من الصحابيّ الذي عُذّب مع أبويه في مكّة وكانت أمّه أوّل شهيدةٍ في الإسلام؟",""
"ADM2303","الصحابة والتابعون","متوسط","إعادة صياغة","الإجابة في السؤال","ابنة حييّ بن أخطب سيّد بني النضير صارت من أمّهات المؤمنين — من هي؟","صفيّة بنت حييّ رضي الله عنها","ابنة سيّد بني النضير صارت من أمّهات المؤمنين بعد خيبر — من هي؟",""
"ADM3207","الصحابة والتابعون","متوسط","إعادة صياغة","الإجابة في السؤال","من ابن أبي جهل الذي أسلم بعد فتح مكّة واستُشهد في اليرموك؟","عكرمة بن أبي جهل رضي الله عنه","من ابن أشدّ أعداء الإسلام في مكّة الذي أسلم بعد الفتح واستُشهد في اليرموك؟",""
"ADM3230","الصحابة والتابعون","صعب","إعادة صياغة","الإجابة في السؤال","من التابعيّ ابن الزبير وأسماء الذي كان من فقهاء المدينة السبعة؟","عروة بن الزبير","من التابعيّ ابن أسماء ذات النطاقين الذي كان من فقهاء المدينة السبعة؟",""
"ADM5322","تاريخ وحضارات","متوسط","إعادة صياغة","الإجابة في السؤال","من مؤسّس الدولة الطولونية في مصر؟","أحمد بن طولون","من مؤسّس الدولة المستقلّة في مصر سنة 868م، وله جامعٌ شهير بالقاهرة يحمل اسمه؟",""
"ADM3247","الصحابة والتابعون","تعجيزي","إعادة صياغة","الإجابة في السؤال","من التابعيّ القاضي الذي قضى بين عليٍّ رضي الله عنه واليهوديّ في الدرع فحكم لليهوديّ؟","شُريح القاضي","من التابعيّ الذي قضى بين عليٍّ رضي الله عنه واليهوديّ في الدرع فحكم لليهوديّ؟",""
"ADM3334","قصص الأنبياء","تعجيزي","إعادة صياغة","الإجابة في السؤال","ما اسم العلامة التي أخرج بها موسى عليه السلام يده من جيبه بيضاء من غير سوء؟","اليد البيضاء","ما اسم المعجزة التي أخرج بها موسى عليه السلام يده من جيبه تشعّ من غير سوء؟",""
"ADM5084","جغرافيا ومعالم","تعجيزي","إعادة صياغة","الإجابة في السؤال","نسبةً إلى من سُمّيت قمة إفرست؟","جورج إفرست","نسبةً إلى من سُمّيت أعلى قمّة في العالم باسمها الإنجليزيّ؟",""
"E180","رياضة عامة","سهل","إعادة صياغة","الإجابة في السؤال","من أسطورة كرة السلة الأمريكية الملقب بإير جوردن؟","مايكل جوردن","من أسطورة كرة السلة الأمريكية الذي لعب لشيكاغو بولز وحمل الرقم 23؟",""
"ADM1507","رياضة عامة","تعجيزي","إعادة صياغة","الإجابة في السؤال","بأيّ اسمٍ عُرف محمد علي كلاي قبل إسلامه؟","كاسيوس كلاي","بأيّ اسمٍ وُلد الملاكم محمد علي قبل إسلامه؟",""
"ADM2571","ألعاب فيديو","صعب","إعادة صياغة","الإجابة في السؤال","ما اسم مطوّر «ميتال غير» الياباني الذي أسّس استوديو «كوجيما برودكشنز»؟","هيديو كوجيما","ما اسم مطوّر «ميتال غير» الياباني الذي أسّس استوديو مستقلاً باسمه سنة 2015؟",""
"ADM5877","ديكستر","متوسط","إعادة صياغة","الإجابة في السؤال","ما اسم الملازم رئيسة القسم التي تُدعى «لاغويرتا»؟","ماريا لاغويرتا","ما اسم الملازم رئيسة قسم جرائم القتل في شرطة ميامي؟",""
"ADM3009","ديزني وبيكسار","تعجيزي","إعادة صياغة","الإجابة في السؤال","من ملحّن أغاني «فروزن» مع زوجها روبرت لوبيز؟","كريستن أندرسون لوبيز","من الملحّنة التي كتبت أغاني «فروزن» مع زوجها روبرت؟",""
"ADM0787","أغاني وطرب","متوسط","إعادة صياغة","الإجابة في السؤال","من الملحّن البحريني الذي يُعدّ فارس فن الصوت الأوّل في بلاده؟","محمد بن فارس","من الملحّن البحريني الذي يُعدّ رائد فنّ الصوت الأوّل في بلاده؟",""
"ADM0782","أغاني وطرب","متوسط","إعادة صياغة","الإجابة في السؤال","ما اسم الفنان الكويتي صاحب الأغاني الوطنية والألحان التراثية الذي حمل اسماً فنّياً منسوباً إلى الخليج؟","شادي الخليج","ما اسم الفنان الكويتي صاحب الأغاني الوطنيّة والألحان التراثيّة، واسمه الحقيقيّ عبدالعزيز المفرج؟",""
"ADM2565","ألعاب فيديو","صعب","إعادة صياغة","الإجابة في السؤال","أطلقت مصطلح «سولز لايك» على الألعاب الصعبة — ما اسم اللعبة؟","دارك سولز","ما اسم لعبة «فروم سوفتوير» (2011) التي صارت صعوبتها مصطلحاً لصنفٍ كامل من الألعاب؟",""
"L054","أدب وفنون","صعب","إعادة صياغة","الإجابة في السؤال","من الشاعر الأندلسي صاحب الموشحات الشهيرة والملقب بلسان الدين؟","لسان الدين بن الخطيب","من الشاعر الأندلسيّ صاحب الموشّحات الشهيرة، وزير غرناطة ومؤرّخها الملقّب «ذو الوزارتين»؟",""
"ADM2328","الصحابة والتابعون","صعب","إعادة صياغة","الإجابة في السؤال","من أخت عمر بن الخطاب التي قرأ في بيتها صحيفة سورة طه فأسلم؟","فاطمة بنت الخطاب رضي الله عنها","من أخت الفاروق التي قرأ في بيتها صحيفة سورة طه فأسلم؟",""
"ADM5156","تاريخ وحضارات","صعب","إعادة صياغة","الإجابة في السؤال","من المحدّث المؤرّخ صاحب كتاب «تاريخ بغداد»؟","الخطيب البغدادي","من المحدّث صاحب كتاب التاريخ الشهير لعاصمة العباسيّين في أربعة عشر مجلّداً؟",""
"ADM5214","تاريخ وحضارات","صعب","إعادة صياغة","الإجابة في السؤال","من قاد أوّل جيش إسلامي غزا القسطنطينية في عهد معاوية؟","يزيد بن معاوية","من قاد أوّل حملةٍ إسلاميّة على القسطنطينيّة سنة 49هـ، وكان ابن الخليفة الأمويّ الأوّل؟",""
"ADM5280","تاريخ وحضارات","متوسط","إعادة صياغة","الإجابة في السؤال","ما الاسم الحقيقي لصلاح الدين الأيوبي؟","يوسف بن أيوب","«صلاح الدين» لقبٌ — فما اسم القائد الذي وُلد به؟",""
"ADM5327","تاريخ وحضارات","صعب","إعادة صياغة","الإجابة في السؤال","من القائد الأموي الذي حاصر القسطنطينية في عهد سليمان بن عبد الملك؟","مسلمة بن عبد الملك","من القائد الأمويّ، أخو الخليفة سليمان، الذي حاصر القسطنطينيّة سنة 98هـ؟",""
"ADM3298","قصص الأنبياء","متوسط","إعادة صياغة","الإجابة في السؤال","من الذي اشترى يوسف عليه السلام في مصر وقال لامرأته «أكرمي مثواه»؟","عزيز مصر","من الذي اشترى يوسف عليه السلام وقال لامرأته «أكرمي مثواه»؟",""
"ADM5713","مسلسلات كويتية","متوسط","إعادة صياغة","الإجابة في السؤال","ما اسم ابنة بو صالح التي أحبّها سعد في «درب الزلق»؟","صالحة","ما اسم ابنة بائع الثلج التي أحبّها سعد في «درب الزلق»؟",""
"ADM2190","حضارات قديمة","تعجيزي","إعادة صياغة","الإجابة في السؤال","ما اسم أقدم النصوص الدينيّة المنقوشة داخل الأهرامات؟","متون الأهرام","ما اسم أقدم النصوص الدينيّة المنقوشة داخل مقابر ملوك الأسرتين الخامسة والسادسة؟",""
"S054","رياضة عامة","صعب","إعادة صياغة","الإجابة في السؤال","ما اسم المسابقة الأوروبية الثانية للأندية بعد دوري الأبطال؟","الدوري الأوروبي — اليوروبا ليغ","ما اسم البطولة الأوروبيّة الثانية للأندية، وكانت تُسمّى «كأس الاتّحاد الأوروبيّ» حتى 2009؟",""
"ADM1881","كأس العالم","سهل","إعادة صياغة","الإجابة في السؤال","من حامل اللقب الذي خرج من دور المجموعات سنة 2022؟","فرنسا","من حامل اللقب الذي خرج من دور المجموعات سنة 2018؟","ألمانيا"