id,category,level,action,new_level_or_kept_id,question,answer
"E092","أحياء وفلك","سهل","استبعاد: تافه","","ما اسم صغير البقرة؟","العجل"
"E093","أحياء وفلك","سهل","استبعاد: تافه","","ما اسم أنثى الجمل؟","الناقة"
"E094","أحياء وفلك","سهل","استبعاد: تافه","","ما اسم صغير الأسد؟","الشبل"
"E141","أحياء وفلك","سهل","استبعاد: تافه","","ما اسم المجموعة التي تنتمي إليها الأرض والشمس؟","المجموعة الشمسية"
"E143","أحياء وفلك","سهل","استبعاد: تافه","","ما اسم الجرم الذي يدور حول الكوكب؟","القمر"
"E144","أحياء وفلك","سهل","استبعاد: تافه","","كم ساعة تستغرق الأرض في دورة كاملة حول نفسها؟","24 ساعة"
"E200","أحياء وفلك","سهل","استبعاد: تافه","","ما اسم أنثى الأسد؟","اللبؤة"
"E201","أحياء وفلك","سهل","استبعاد: تافه","","ما اسم صغير الخروف؟","الحَمَل"
"E361","أحياء وفلك","سهل","استبعاد: تافه","","ما الحيوان الملقّب بسفينة الصحراء؟","الجمل"
"E362","أحياء وفلك","سهل","استبعاد: تافه","","ما أطول حيوان رقبةً؟","الزرافة"
"E363","أحياء وفلك","سهل","استبعاد: تافه","","ما الحشرة التي تنتج العسل؟","النحلة"
"E442","أحياء وفلك","سهل","استبعاد: تافه","","ما اسم الطائر الذي يقلّد صوت الإنسان؟","الببغاء"
"E447","أحياء وفلك","سهل","استبعاد: تافه","","من أي نبات يُصنع الخبز؟","القمح"
"E209","أحياء وفلك","سهل","استبعاد: تافه","","من أين يستمد القمر ضوءه؟","من انعكاس ضوء الشمس"
"E445","أحياء وفلك","سهل","استبعاد: تافه","","ما اسم الجزء من النبات الذي تخرج منه البذور؟","الثمرة"
"M195","أحياء وفلك","سهل","استبعاد: تافه","","ما اسم وكالة الفضاء الأمريكية؟","ناسا"
"E091","أحياء وفلك","سهل","استبعاد: تافه","","ما الطائر الذي يُستخدم في الصيد ويشتهر به أهل الخليج؟","الصقر"
"M616","أحياء وفلك","متوسط","استبعاد: تافه","","ما اسم الطبقة التي تحيط بالأرض وتحوي الهواء؟","الغلاف الجوي"
"ADM1530","أحياء وفلك","تعجيزي","استبعاد: تافه","","بأيّ اسمٍ تُعرف البقعة الحمراء العملاقة على المشتري؟","عاصفة"
"ADM1523","أحياء وفلك","تعجيزي","استبعاد: مكرّر","M240","أيّ طائرٍ يستطيع الطيران إلى الخلف؟","الطنّان"
"ADM1539","أحياء وفلك","تعجيزي","استبعاد: مكرّر","M064","أكبر عينٍ في مملكة الحيوان لأيّ كائن؟","الحبّار العملاق"
"ADM1529","أحياء وفلك","تعجيزي","استبعاد: مكرّر","H168","على أيّ كوكبٍ يقع أوليمبوس مونس؟","المرّيخ"
"ADM1537","أحياء وفلك","تعجيزي","استبعاد: مكرّر","E208","في أيّ سنةٍ فقد بلوتو صفة الكوكب؟","2006"
"ADM1532","أحياء وفلك","تعجيزي","استبعاد: مكرّر","E203","ما اسم أسرع حيوانٍ في العالم على الإطلاق؟","الشاهين"
"ADM1520","أحياء وفلك","تعجيزي","استبعاد: مكرّر","H091","كم قلباً للأخطبوط؟","ثلاثة"
"M449","من أنا؟","متوسط","استبعاد: مكرّر","M193","رائد فضاء سوفيتي أول إنسان يدور حول الأرض في الفضاء، وذلك في رحلة استغرقت أقل من ساعتين سنة ١٩٦١. من هذه الشخصية؟","يوري غاغارين"
"E203","أحياء وفلك","سهل","تغيير مستوى","متوسط","ما أسرع طائر في العالم؟","الصقر الشاهين"
"E446","أحياء وفلك","سهل","تغيير مستوى","متوسط","ما أطول شجرة في العالم؟","السيكويا"
"E205","أحياء وفلك","سهل","تغيير مستوى","متوسط","ما النبات الذي يُستخرج منه معظم سكر العالم ويُزرع في المناطق الباردة؟","بنجر السكر"
"E210","أحياء وفلك","سهل","تغيير مستوى","متوسط","ما الكوكب الذي سُمّي باسم إله الحرب عند الرومان؟","المريخ"
"E211","أحياء وفلك","سهل","تغيير مستوى","متوسط","كم يومًا يستغرق القمر في دورة كاملة حول الأرض؟","نحو 28 يومًا"
"H095","أحياء وفلك","صعب","تغيير مستوى","متوسط","كم عدد معدات البقرة؟","أربع"
"H010","أحياء وفلك","صعب","تغيير مستوى","متوسط","من صاحب نظرية التطور؟","تشارلز داروين"
"M360","أحياء وفلك","متوسط","تغيير مستوى","سهل","ما الوحدة الأساسية لبناء الكائن الحي؟","الخلية"
"M364","أحياء وفلك","متوسط","تغيير مستوى","سهل","ما الغاز الذي تطلقه النباتات في النهار؟","الأكسجين"
"M614","أحياء وفلك","متوسط","تغيير مستوى","سهل","ما أكبر كوكب في المجموعة الشمسية؟","المشتري"
"M615","أحياء وفلك","متوسط","تغيير مستوى","سهل","ما أكبر حيوان على وجه الأرض؟","الحوت الأزرق"
"M617","أحياء وفلك","متوسط","تغيير مستوى","سهل","ما اسم الحيوان الذي يغيّر لونه ليتماشى مع محيطه؟","الحرباء"
"H163","أحياء وفلك","صعب","تغيير مستوى","متوسط","ما الثديي الوحيد القادر على الطيران؟","الخفاش"
"H165","أحياء وفلك","صعب","تغيير مستوى","متوسط","ما الوحدة الفلكية التي تساوي المسافة التي يقطعها الضوء في سنة؟","السنة الضوئية"
"H167","أحياء وفلك","صعب","تغيير مستوى","متوسط","ما النظرية التي تفسّر نشأة الكون بانفجار هائل؟","نظرية الانفجار العظيم"
"E133","أدب وفنون","سهل","استبعاد: تافه","","ما اسم الكتاب الذي يجمع معاني الكلمات وشروحها؟","المعجم"
"E134","أدب وفنون","سهل","استبعاد: تافه","","ما نوع الكلمة التي تدل على حدث وزمن؟","الفعل"
"E166","أدب وفنون","سهل","استبعاد: تافه","","ماذا تُسمّى الكلمة التي تدل على اثنين في العربية؟","المثنى"
"E475","أدب وفنون","سهل","استبعاد: تافه","","ما اللغة الرسمية في فرنسا؟","الفرنسية"
"L007","أدب وفنون","سهل","استبعاد: تافه","","ما اللغة الرسمية في اليابان؟","اليابانية"
"L008","أدب وفنون","سهل","استبعاد: تافه","","ما اللغة الرسمية في تركيا؟","التركية"
"E383","أدب وفنون","سهل","استبعاد: تافه","","ما اسم الآلة النحاسية التي يُنفخ فيها وتُستعمل في الفرق العسكرية؟","البوق"
"E384","أدب وفنون","سهل","استبعاد: تافه","","ما اسم الآلة الموسيقية التي تُضرب باليد وتُصنع من الجلد؟","الطبل"
"E385","أدب وفنون","سهل","استبعاد: تافه","","ما اسم الفن الأدبي الذي يروي حكايةً كاملة في صفحات قليلة؟","القصة القصيرة"
"E473","أدب وفنون","سهل","استبعاد: تافه","","ما اسم الحرف الذي يأتي بعد الباء في الأبجدية العربية؟","التاء"
"E474","أدب وفنون","سهل","استبعاد: تافه","","ما اسم الشكل الأدبي الذي يُكتب ليُمثَّل على خشبة المسرح؟","المسرحية"
"E477","أدب وفنون","سهل","استبعاد: تافه","","ما اسم القصة القصيرة التي تُروى للأطفال قبل النوم؟","الحكاية"
"E479","أدب وفنون","سهل","استبعاد: تافه","","ما اسم اللون الناتج عن مزج الأزرق والأصفر؟","الأخضر"
"L001","أدب وفنون","سهل","استبعاد: تافه","","ما اسم الكتاب الذي جمع فيه المسلمون كلام الله؟","القرآن الكريم"
"L004","أدب وفنون","سهل","استبعاد: تافه","","ما نوع الكلمة التي تدل على ذات؟","الاسم"
"L006","أدب وفنون","سهل","استبعاد: تافه","","ما اسم الجملة التي تبدأ باسم؟","الجملة الاسمية"
"L013","أدب وفنون","سهل","استبعاد: تافه","","ما الآلة الموسيقية التي لها أصابع بيضاء وسوداء؟","البيانو"
"L017","أدب وفنون","سهل","استبعاد: تافه","","ما اسم المكان الذي تُعرض فيه اللوحات والتحف؟","المتحف"
"L018","أدب وفنون","سهل","استبعاد: تافه","","ما اسم الفن الذي يُشكَّل فيه الحجر أو المعدن إلى تمثال؟","النحت"
"L019","أدب وفنون","سهل","استبعاد: تافه","","ما اسم القصيدة الطويلة التي يمدح فيها الشاعر شخصًا؟","المديح"
"M379","أدب وفنون","متوسط","استبعاد: تافه","","ما اسم الجملة التي تبدأ بفعل؟","الجملة الفعلية"
"L025","أدب وفنون","سهل","استبعاد: تافه","","ما نوع الكلمة التي تربط بين جملتين مثل الواو والفاء؟","حرف العطف"
"E132","أدب وفنون","سهل","استبعاد: تافه","","ما اسم العلامة التي تُوضع فوق الحرف للدلالة على تكراره؟","الشدّة"
"L012","أدب وفنون","سهل","استبعاد: تافه","","ما الآلة الموسيقية ذات الأوتار التي تُحتضن أثناء العزف وتشتهر في الموسيقى العربية؟","العود"
"ADM1547","أدب وفنون","تعجيزي","استبعاد: تافه","","كم حرفاً في اللغة العربيّة تُكتب ولا تُنطق أحياناً؟","ستّة"
"E163","أدب وفنون","سهل","استبعاد: مكرّر","M020","من مؤلف مسرحية عطيل؟","وليم شكسبير"
"M369","أدب وفنون","متوسط","استبعاد: مكرّر","M020","من مؤلف مسرحية روميو وجولييت؟","وليم شكسبير"
"M732","أدب وفنون","متوسط","استبعاد: مكرّر","M020","من مؤلف مسرحية «مكبث»؟","وليم شكسبير"
"L043","أدب وفنون","صعب","استبعاد: مكرّر","H064","من الأديب الروسي مؤلف رواية آنا كارنينا؟","ليو تولستوي"
"L042","أدب وفنون","صعب","استبعاد: مكرّر","M081","من مؤلف رواية العجوز والبحر التي نال بها نوبل؟","إرنست همنغواي"
"L048","أدب وفنون","صعب","استبعاد: مكرّر","M371","من الأديب اللبناني مؤلف كتاب الأجنحة المتكسرة؟","جبران خليل جبران"
"L038","أدب وفنون","متوسط","استبعاد: مكرّر","M376","من الملحن المصري الذي لحّن معظم أغاني أم كلثوم المتأخرة؟","محمد عبد الوهاب"
"ADM1548","أدب وفنون","تعجيزي","استبعاد: مكرّر","M207","أيّ أديبٍ عربيّ لُقّب بـ«عميد الأدب العربيّ»؟","طه حسين"
"M479","من أنا؟","متوسط","استبعاد: مكرّر","M207","أديب مصري فقد بصره في طفولته بسبب مرض الرمد، ولُقّب رغم ذلك بـ«عميد الأدب العربي». من هذه الشخصية؟","طه حسين"
"ADM1552","أدب وفنون","تعجيزي","استبعاد: مكرّر","M208","رواية «موسم الهجرة إلى الشمال» لأيّ أديبٍ سودانيّ؟","الطيّب صالح"
"ADM1540","أدب وفنون","تعجيزي","استبعاد: مكرّر","M374","بأيّ اسمٍ عُرفت القصائد السبع المعلّقة على الكعبة؟","المعلّقات"
"ADM1541","أدب وفنون","تعجيزي","استبعاد: مكرّر","M205","أيّ كتابٍ للجاحظ يُعدّ موسوعةً في وصف الدوابّ؟","الحيوان"
"ADM1542","أدب وفنون","تعجيزي","استبعاد: مكرّر","L009","بأيّ لقبٍ عُرف أحمد شوقي؟","أمير الشعراء"
"ADM1545","أدب وفنون","تعجيزي","استبعاد: مكرّر","H070","من رسم لوحة «الليلة المرصّعة بالنجوم»؟","فان غوخ"
"ADM1554","أدب وفنون","تعجيزي","استبعاد: مكرّر","M377","لوحة «الصرخة» من أعمال رسّامٍ نرويجيّ — من هو؟","إدفارد مونك"
"ADM1555","أدب وفنون","تعجيزي","استبعاد: مكرّر","H066","دون كيخوته رواية إسبانيّة خالدة — من كاتبها؟","ثربانتس"
"ADM1698","أدب وفنون","تعجيزي","استبعاد: مكرّر","H198","كتاب «طوق الحمامة» في الحبّ ألّفه فقيهٌ أندلسيّ — من هو؟","ابن حزم"
"ADM1549","أدب وفنون","تعجيزي","استبعاد: مكرّر","L033","ما اسم البحر الشعريّ الذي نظم عليه أكثر شعراء العرب؟","الطويل"
"ADM1557","أدب وفنون","تعجيزي","استبعاد: مكرّر","ADM1546","الطغراء العثمانيّة تُكتب بخطٍّ خاصّ — ما اسمه؟","الديواني الجلي"
"L034","أدب وفنون","متوسط","استبعاد: مكرّر","ADM2236","ما اسم العلم الذي يدرس أوزان الشعر العربي؟","علم العروض"
"L035","أدب وفنون","متوسط","استبعاد: مكرّر","لغة عربية","من وضع علم العروض؟","الخليل بن أحمد الفراهيدي"
"M473","من أنا؟","متوسط","استبعاد: مكرّر","H056","فيلسوف مسلم لُقّب بـ«المعلّم الثاني»، لأنه أتى بعد أرسطو الذي كان يُلقَّب بالمعلّم الأول. من هذه الشخصية؟","الفارابي"
"H267","من أنا؟","صعب","استبعاد: مكرّر","H062","فيلسوف ألماني ألّف كتاب «رأس المال»، وصاغ مع رفيقه إنغلز البيان الذي قامت عليه الحركة الشيوعية. من هذه الشخصية؟","كارل ماركس"
"E489","من أنا؟","سهل","استبعاد: مكرّر","H071","رسّام إيطالي نحت وصوّر ورسم سقف كنيسة في روما، ونحت تمثال داوود الرخامي. من هذه الشخصية؟","مايكل أنجلو"
"E259","من أنا؟","سهل","استبعاد: مكرّر","H068","رسم لوحة الموناليزا، وابتكر تصاميم آلات طائرة سبقت عصره بقرون. من هذه الشخصية؟","ليوناردو دافنشي"
"M461","من أنا؟","متوسط","استبعاد: مكرّر","M001","كاتب فرنسي ألّف رواية «البؤساء» ورواية «أحدب نوتردام»، وكان أيضاً شاعراً وسياسياً معارضاً للإمبراطور. من هذه الشخصية؟","فيكتور هوغو"
"M464","من أنا؟","متوسط","استبعاد: مكرّر","M048","روائي كولومبي ألّف رواية «مئة عام من العزلة»، ويُعدّ رائد أسلوب الواقعية السحرية في الأدب. من هذه الشخصية؟","غابرييل غارثيا ماركيز"
"M462","من أنا؟","متوسط","استبعاد: مكرّر","L011","طيّار وكاتب فرنسي ألّف قصة «الأمير الصغير»، واختفت طائرته فوق البحر المتوسط في مهمة استطلاع حربية. من هذه الشخصية؟","أنطوان دو سانت إكزوبيري"
"E280","من أنا؟","سهل","استبعاد: مكرّر","H010","وضع نظرية التطوّر والانتخاب الطبيعي، في كتابه «أصل الأنواع». من هذه الشخصية؟","تشارلز داروين"
"E159","أدب وفنون","سهل","تغيير مستوى","متوسط","ما اسم الديوان الشعري الأشهر لعمر الخيام؟","الرباعيات"
"E164","أدب وفنون","سهل","تغيير مستوى","متوسط","من مؤلف رواية رجال في الشمس؟","غسان كنفاني"
"E172","أدب وفنون","سهل","تغيير مستوى","متوسط","ما اسم الجدارية التي رسمها دافنشي في دير بميلانو وتصوّر لحظة إعلان الخيانة؟","العشاء الأخير"
"L026","أدب وفنون","سهل","تغيير مستوى","متوسط","من الشاعر الكويتي الملقب بشاعر الخليج؟","فهد العسكر"
"H068","أدب وفنون","متوسط","تغيير مستوى","سهل","من رسم لوحة الموناليزا؟","ليوناردو دافنشي"
"M082","أدب وفنون","متوسط","تغيير مستوى","سهل","من أول أديب عربي يحصل على جائزة نوبل في الأدب؟","نجيب محفوظ"
"M083","أدب وفنون","متوسط","تغيير مستوى","صعب","في أي عام حصل نجيب محفوظ على جائزة نوبل؟","1988"
"H057","أدب وفنون","صعب","تغيير مستوى","متوسط","من الفيلسوف الملقب بالمعلم الأول؟","أرسطو"
"E382","أدب وفنون","سهل","تغيير مستوى","متوسط","ما نوع الكلمة التي تدل على صفة الاسم؟","النعت"
"ADM0732","أغاني وطرب","سهل","استبعاد: تافه","","ماذا يُسمّى من يضع نغم الأغنية لا كلماتها؟","الملحّن"
"ADM0733","أغاني وطرب","سهل","استبعاد: تافه","","ماذا تُسمّى الأغنية التي تُعزف في المناسبات الرسمية وترمز إلى الدولة؟","النشيد الوطني"
"ADM0739","أغاني وطرب","سهل","استبعاد: تافه","","ماذا يُسمّى من يكتب كلمات الأغنية؟","الشاعر"
"ADM0740","أغاني وطرب","سهل","استبعاد: تافه","","ماذا يُسمّى الشخص الذي يؤدّي الأغنية بصوته أمام الجمهور؟","المطرب"
"ADM0742","أغاني وطرب","سهل","استبعاد: تافه","","ماذا يُسمّى من يقود الفرقة الموسيقية الكبيرة بحركات يده؟","المايسترو"
"ADM0743","أغاني وطرب","سهل","استبعاد: تافه","","ماذا تُسمّى مجموعة المغنّين الذين يؤدّون معاً خلف المطرب؟","الكورال"
"ADM0744","أغاني وطرب","سهل","استبعاد: تافه","","ما اسم الفرقة الموسيقية الكبيرة التي تضمّ آلات وترية ونفخية وإيقاعية معاً؟","الأوركسترا"
"ADM0745","أغاني وطرب","سهل","استبعاد: تافه","","ما اسم المكان المجهّز لتسجيل الأغاني؟","الاستوديو"
"ADM0746","أغاني وطرب","سهل","استبعاد: تافه","","ماذا تُسمّى مجموعة الأغاني التي تصدر للفنان في إصدار واحد؟","الألبوم"
"ADM0748","أغاني وطرب","سهل","استبعاد: تافه","","ما اسم الغناء الهادئ الذي تردّده الأمّ لطفلها لينام؟","التهويدة"
"ADM0749","أغاني وطرب","سهل","استبعاد: تافه","","ماذا يُسمّى العازف على آلة العود؟","العوّاد"
"ADM0751","أغاني وطرب","سهل","استبعاد: تافه","","ماذا يُسمّى الجزء الغنائي الذي يؤدّيه مطربان معاً؟","الديو"
"ADM0753","أغاني وطرب","سهل","استبعاد: تافه","","ماذا تُسمّى الآلات التي يصدر صوتها من ضرب سطح مشدود مثل الطبل والدفّ؟","آلات إيقاعية"
"ADM0754","أغاني وطرب","سهل","استبعاد: تافه","","ماذا تُسمّى الآلات التي يصدر صوتها من نفخ الهواء مثل الناي والمزمار؟","آلات نفخ"
"ADM0755","أغاني وطرب","سهل","استبعاد: تافه","","ما البلد الذي نشأ فيه الأخوان رحباني وفيروز؟","لبنان"
"ADM0756","أغاني وطرب","سهل","استبعاد: تافه","","ماذا يُسمّى الشريط المصوّر الذي يرافق الأغنية ويُعرض على الشاشات؟","الفيديو كليب"
"ADM0757","أغاني وطرب","سهل","استبعاد: تافه","","ما الوصف الذي يُطلق على أغنيةٍ يؤدّيها مطرب واحد بلا مشاركة؟","أغنية منفردة"
"ADM0759","أغاني وطرب","سهل","استبعاد: تافه","","ماذا يُسمّى الصوت الغليظ في الغناء مقابل الصوت الحادّ؟","الجهير"
"ADM0760","أغاني وطرب","سهل","استبعاد: تافه","","ماذا تُسمّى الحفلة التي يؤدّيها المطرب أمام جمهور حاضر لا في تسجيل؟","حفلة حيّة"
"ADM0762","أغاني وطرب","سهل","استبعاد: تافه","","ماذا تُسمّى القطعة الموسيقية التي تُعزف بلا غناء؟","معزوفة"
"ADM0763","أغاني وطرب","سهل","استبعاد: تافه","","ماذا يُسمّى الاحتفال الفنّي الذي يجمع حفلات عدّة على مدى أيام؟","المهرجان"
"ADM0764","أغاني وطرب","سهل","استبعاد: تافه","","ماذا يُسمّى تسجيل الأغنية على قرص دائري قديم يُعزف بإبرة؟","الأسطوانة"
"ADM0765","أغاني وطرب","سهل","استبعاد: تافه","","ماذا تُسمّى الأغنية التي تُمدح فيها الأوطان وتُغنّى في الأعياد الوطنية؟","أغنية وطنية"
"ADM0766","أغاني وطرب","سهل","استبعاد: تافه","","ماذا يُسمّى المزج بين لحنين أو أكثر في عمل واحد؟","الميدلي"
"ADM0767","أغاني وطرب","سهل","استبعاد: تافه","","ماذا تُسمّى سرعة الأداء الموسيقي بطئاً أو إسراعاً؟","الإيقاع"
"ADM0769","أغاني وطرب","سهل","استبعاد: تافه","","ماذا يُسمّى صندوق العود المجوّف الذي يضخّم صوته؟","صندوق الصوت"
"ADM1682","أغاني وطرب","تعجيزي","استبعاد: مكرّر","ADM0772","ما الاسم الحقيقيّ لفيروز؟","نهاد حدّاد"
"ADM1675","أغاني وطرب","تعجيزي","استبعاد: مكرّر","ADM0776","من ملحّن نشيد «بلادي بلادي» المصريّ؟","سيد درويش"
"ADM1681","أغاني وطرب","تعجيزي","استبعاد: مكرّر","ADM0729","ما اسم الأخوين اللذين لحّنا أغلب أغاني فيروز؟","الرحباني"
"ADM1693","أغاني وطرب","تعجيزي","استبعاد: مكرّر","ADM0738","بأيّ آلةٍ اشتهر الموسيقار فريد الأطرش؟","العود"
"ADM1686","أغاني وطرب","تعجيزي","استبعاد: مكرّر","ADM0785","كم وتراً للعود العربيّ التقليديّ؟","خمسة أزواج"
"ADM1687","أغاني وطرب","تعجيزي","استبعاد: مكرّر","ADM0794","بأيّ اسمٍ تُعرف الآلة الإيقاعيّة الفخّاريّة في الطرب العربيّ؟","الدربكة"
"ADM1679","أغاني وطرب","تعجيزي","استبعاد: مكرّر","M376","أيّ ملحّنٍ لُقّب بـ«موسيقار الأجيال»؟","محمد عبدالوهاب"
"ADM0727","أغاني وطرب","سهل","تغيير مستوى","متوسط","من الشقيقة المطربة للموسيقار فريد الأطرش؟","أسمهان"
"ADM0736","أغاني وطرب","سهل","تغيير مستوى","متوسط","ما اسم القالب الغنائي الأندلسي القديم الذي يقوم على تعدّد الأدوار والقفلات؟","الموشّح"
"ADM0734","أغاني وطرب","سهل","تغيير مستوى","متوسط","ما اسم مجموعة النغمات التي تُبنى عليها القطعة في الموسيقى العربية؟","المقام"
"ADM1690","أغاني وطرب","تعجيزي","تغيير مستوى","سهل","أيّ مطربٍ عراقيّ لُقّب بـ«قيصر الأغنية العربيّة»؟","كاظم الساهر"
"ADM1694","أغاني وطرب","تعجيزي","تغيير مستوى","سهل","أيّ مغنٍّ يحمل لقب «ملك البوب»؟","مايكل جاكسون"
"ADM1688","أغاني وطرب","تعجيزي","تغيير مستوى","متوسط","أيّ فرقةٍ بريطانيّة باعت أكثر من غيرها في التاريخ؟","البيتلز"
"ADM1678","أغاني وطرب","تعجيزي","تغيير مستوى","متوسط","من كتب كلمات أغنية «الأطلال»؟","إبراهيم ناجي"
"ADM0752","أغاني وطرب","سهل","استبعاد: تافه","","ماذا يُسمّى تكرار المطرب للجملة الواحدة بأداء مختلف ليطرب السامعين؟","الإعادة"
"ADM0021","أكلات","سهل","استبعاد: تافه","","ما المتبل الشامي المصنوع أساساً من الحمص والطحينة؟","الحمص"
"ADM0025","أكلات","سهل","استبعاد: تافه","","ما الساندويتش الشامي الذي يُحشى بلحم متبل مشوي على سيخ دوّار؟","الشاورما"
"ADM0033","أكلات","سهل","استبعاد: تافه","","ما الخبز المصري الدائري المصنوع غالباً من القمح الكامل؟","العيش البلدي"
"ADM0064","أكلات","سهل","استبعاد: تافه","","ما المشروب العربي الساخن المنكّه بالهيل والمقدّم في فناجين صغيرة؟","القهوة العربية"
"ADM0065","أكلات","سهل","استبعاد: تافه","","ما الشاي الشائع في المغرب والمحضّر بأوراق النعناع والسكر؟","الشاي بالنعناع"
"ADM0068","أكلات","سهل","استبعاد: تافه","","ما الطبق الإيطالي الدائري المخبوز والمغطى عادة بصلصة الطماطم والجبن؟","البيتزا"
"ADM0089","أكلات","سهل","استبعاد: تافه","","ما الطعام الأمريكي المكوّن من قطعة لحم مفروم داخل خبز دائري؟","الهامبرغر"
"ADM0108","أكلات","متوسط","استبعاد: تافه","","في الثريد الإماراتي، ما العنصر الذي يُفتت في المرق؟","الخبز"
"ADM0160","أكلات","متوسط","استبعاد: تافه","","ما الخضار المحشوة التي تعني كلمة محشي اسماً عاماً لها؟","خضروات محشوة بالأرز"
"ADM0206","أكلات","صعب","استبعاد: تافه","","ما اسم الحشو الكويتي المتبل الذي يدخل في سمك الزبيدي المحشو؟","الحشو"
"ADM0263","أكلات","صعب","استبعاد: تافه","","كيف يُركّب لحم الشاورما على النار؟","طبقات على سيخ دوّار"
"ADM0244","أكلات","صعب","استبعاد: تافه","","ما اسم رأس الحانوت في المطبخ المغربي؟","خليط متعدد من التوابل"
"ADM0226","أكلات","صعب","استبعاد: تافه","","أيّهما أكثر طحينةً: المتبل أم بابا غنوج؟","المتبل"
"ADM0109","أكلات","متوسط","استبعاد: مكرّر","ADM0001","ما الطبق السعودي من الأرز واللحم والطماطم الذي يُعدّ الأشهر في موائد المملكة؟","الكبسة"
"ADM0204","أكلات","صعب","استبعاد: مكرّر","ADM0006","ما اسم الأرز الكويتي المطهو بمرق السمك ويُقدّم غالباً مع السمك المقلي؟","المطبق"
"ADM0216","أكلات","صعب","استبعاد: مكرّر","ADM0002","ما اسم طبق عسير المصنوع من دقيق وسمن وعسل ويُشكّل ككتلة؟","العريكة"
"ADM1651","أكلات","تعجيزي","استبعاد: مكرّر","ADM0051","بأيّ اسمٍ يُعرف الأرزّ المطبوخ باللحم والسمن في الخليج؟","المجبوس"
"ADM0217","أكلات","صعب","استبعاد: مكرّر","ADM0015","ما اسم الخبز الرقيق الذي يقطع في مرق الخضار لصنع المرقوق؟","خبز المرقوق"
"ADM0003","أكلات","صعب","تغيير مستوى","سهل","معكرونة تُقدم مع صلصة الريحان الأخضر الطازج، الثوم، الصنوبر، وزيت الزيتون.","باستا البستو"
"ADM0075","أكلات","صعب","تغيير مستوى","متوسط","ما الطبق اليوناني المكوّن من طبقات باذنجان ولحم وصلصة بشاميل؟","الموساكا"
"ADM0084","أكلات","صعب","تغيير مستوى","متوسط","ما الطبق الكوري من خضروات مخمّرة وحارة غالباً؟","الكيمتشي"
"ADM0086","أكلات","صعب","تغيير مستوى","متوسط","ما حساء المعكرونة الفيتنامي المعروف بمرقه العطري؟","الفو"
"ADM0170","أكلات","سهل","تغيير مستوى","متوسط","ما الجبن الذي يدخل تقليدياً في صلصة البيستو مع الريحان؟","البارميزان"
"ADM1642","أكلات","تعجيزي","تغيير مستوى","متوسط","ما اسم أغلى نوع لحمٍ بقريّ في العالم؟","واغيو"
"ADM1644","أكلات","تعجيزي","تغيير مستوى","متوسط","ما اسم الفطر الأغلى ثمناً في العالم؟","الكمأة"
"ADM1652","أكلات","تعجيزي","تغيير مستوى","صعب","أيّ سمكةٍ يابانيّة تقتل آكلها إن أُعدّت خطأً؟","الفوغو"
"PA001","أمثال وألغاز","سهل","استبعاد: تافه","","الصديق…","وقت الضيق"
"PA005","أمثال وألغاز","سهل","استبعاد: تافه","","لا تؤجل عمل اليوم…","إلى الغد"
"PA006","أمثال وألغاز","سهل","استبعاد: تافه","","الكتاب يُقرأ…","من عنوانه"
"PA011","أمثال وألغاز","سهل","استبعاد: تافه","","الجار قبل…","الدار"
"PA012","أمثال وألغاز","سهل","استبعاد: تافه","","لكل مجتهد…","نصيب"
"PA019","أمثال وألغاز","سهل","استبعاد: تافه","","العقل السليم…","في الجسم السليم"
"PA020","أمثال وألغاز","سهل","استبعاد: تافه","","العلم نور…","والجهل ظلام"
"PA023","أمثال وألغاز","سهل","استبعاد: تافه","","ما الشيء الذي يكتب ولا يقرأ؟","القلم"
"PA036","أمثال وألغاز","سهل","استبعاد: تافه","","ما الشيء الذي له أربع أرجل ولا يمشي؟","الطاولة"
"PA040","أمثال وألغاز","سهل","استبعاد: تافه","","ما الشيء الذي نأكل منه ولا نأكله؟","الصحن"
"PA077","أمثال وألغاز","متوسط","استبعاد: تافه","","ما الحيوان الذي يحمل بيته على ظهره؟","الحلزون"
"PA044","أمثال وألغاز","متوسط","استبعاد: مكرّر","E497","الطيور على أشكالها…","تقع"
"ADM1364","أمثال وألغاز","تعجيزي","استبعاد: تافه","","في أيّ معركةٍ قيل «لا يُلدغ المؤمن من جحرٍ مرّتين»؟","حديث نبويّ لا معركة"
"ADM1357","أمثال وألغاز","تعجيزي","استبعاد: تافه","","ما المثل الذي يُضرب لمن يُعطي ما لا يملك؟","الفاقد لا يعطي"
"ADM1355","أمثال وألغاز","تعجيزي","استبعاد: تافه","","ما أصل المثل «وافق شنٌّ طبقة»؟","رجل وقبيلة"
"ADM1360","أمثال وألغاز","تعجيزي","تغيير مستوى","متوسط","ماذا يعني «سبق السيف العذل»؟","فات أوان اللوم"
"ADM1366","أمثال وألغاز","تعجيزي","تغيير مستوى","متوسط","المثل «الصيف ضيّعت اللبن» يُضرب لمن؟","من فرّط ثمّ ندم"
"ADM1724","الدوري الإنجليزي","سهل","استبعاد: تافه","","كم نقطةً يحصدها الفريق عند الفوز بمباراة؟","ثلاث نقاط"
"ADM1722","الدوري الإنجليزي","سهل","استبعاد: تافه","","ما لون قميص نادي تشيلسي الأساسيّ؟","الأزرق"
"ADM1723","الدوري الإنجليزي","سهل","استبعاد: تافه","","بأيّ لونٍ يلعب أرسنال في ملعبه؟","الأحمر"
"ADM1727","الدوري الإنجليزي","سهل","استبعاد: تافه","","ما اسم اللاعب المصريّ الذي لعب لليفربول وسجّل أكثر من مئة هدف؟","محمد صلاح"
"ADM1781","الدوري الإنجليزي","تعجيزي","استبعاد: تافه","","كم نادياً شارك في المسابقة منذ تأسيسها حتى اليوم؟","أكثر من خمسين نادياً"
"ADM1186","الزمن الجميل","سهل","استبعاد: تافه","","في أيّ بلدٍ صُنعت أغلب مسلسلات الكرتون التي دُبلجت للعربيّة في الثمانينات؟","اليابان"
"ADM1194","الزمن الجميل","سهل","استبعاد: تافه","","في «الكابتن ماجد»، أيّ رياضةٍ يبرع فيها البطل؟","كرة القدم"
"ADM1192","الزمن الجميل","سهل","استبعاد: تافه","","ما نوع الحيوانات التي تتقن فنون القتال في مسلسل النينجا الشهير؟","السلاحف"
"ADM1195","الزمن الجميل","سهل","استبعاد: تافه","","ما اسم الحشرة الصغيرة التي خرجت من الخليّة تبحث عن أمّها في كرتونٍ شهير؟","النحلة"
"ADM1171","الزمن الجميل","سهل","استبعاد: تافه","","كم لاعباً كان يمكن أن يلعب معاً على جهاز «الفاميلي» في وقتٍ واحد؟","اثنان"
"ADM1183","الزمن الجميل","سهل","استبعاد: مكرّر","M518","ما اسم المسرحيّة الكويتيّة الشهيرة التي تدور أحداثها في فندقٍ بالعاصمة البريطانيّة؟","باي باي لندن"
"ADM1223","الزمن الجميل","متوسط","تغيير مستوى","سهل","في «دراغون بول»، ما اسم البطل الرئيسيّ؟","غوكو"
"ADM1336","الزمن الجميل","تعجيزي","تغيير مستوى","صعب","من مؤلّف مانغا «المحقّق كونان»؟","غوشو أوياما"
"E119","الكويت","سهل","استبعاد: تافه","","ما اسم اللباس التقليدي للرجال في الخليج؟","الدشداشة"
"E287","الكويت","سهل","استبعاد: تافه","","في أي يوم من شهر فبراير يُحتفل بالعيد الوطني الكويتي؟","الخامس والعشرين"
"E288","الكويت","سهل","استبعاد: تافه","","في أي يوم يُحتفل بذكرى تحرير الكويت؟","السادس والعشرين من فبراير"
"E289","الكويت","سهل","استبعاد: تافه","","في أي عام غزا الجيش العراقي دولة الكويت؟","١٩٩٠"
"E290","الكويت","سهل","استبعاد: تافه","","ما اسم الأسرة الحاكمة في الكويت؟","آل الصباح"
"E294","الكويت","سهل","استبعاد: تافه","","ما اسم المجلس النيابي في الكويت؟","مجلس الأمة"
"E295","الكويت","سهل","استبعاد: تافه","","على أي بحر تطلّ دولة الكويت؟","الخليج العربي"
"E296","الكويت","سهل","استبعاد: تافه","","أي دولة تجاور الكويت من جهة الشمال؟","العراق"
"E306","الكويت","سهل","استبعاد: تافه","","ما اسم شركة الطيران الوطنية في الكويت؟","الخطوط الجوية الكويتية"
"E308","الكويت","سهل","استبعاد: تافه","","كم لوناً في علم دولة الكويت؟","أربعة ألوان"
"E334","الكويت","سهل","استبعاد: تافه","","ما لون الشريط العلوي في علم دولة الكويت؟","الأخضر"
"E335","الكويت","سهل","استبعاد: تافه","","ما اسم العملة المعدنية الصغيرة التي يتكوّن منها الدينار الكويتي؟","الفلس"
"E378","الكويت","سهل","استبعاد: تافه","","في أي شهر يحتفل الكويتيون بالعيد الوطني وعيد التحرير معاً؟","فبراير"
"E379","الكويت","سهل","استبعاد: تافه","","ما اسم المشروب الشعبي الذي يُقدَّم للضيوف في الديوانية مع التمر؟","القهوة العربية"
"E466","الكويت","سهل","استبعاد: تافه","","ما المشروب الساخن الذي يُقدَّم مع النعناع في الديوانية بعد القهوة؟","الشاي"
"E467","الكويت","سهل","استبعاد: تافه","","ما اسم شركة الطيران الكويتية الخاصة؟","طيران الجزيرة"
"E470","الكويت","سهل","استبعاد: تافه","","ما اسم المنطقة الكويتية المشهورة بمطاعمها ومقاهيها على البحر؟","السالمية"
"E471","الكويت","سهل","استبعاد: تافه","","ما اسم المنطقة الكويتية التي يقع فيها مجلس الأمة وقصر السيف؟","الشرق"
"E472","الكويت","سهل","استبعاد: تافه","","ما اسم أشهر رياضة شعبية تُمارَس في برّ الكويت شتاءً؟","التخييم"
"E377","الكويت","سهل","استبعاد: تافه","","ما اسم أكبر مجمّع تجاري في الكويت؟","الأفنيوز"
"E303","الكويت","سهل","استبعاد: تافه","","ما اسم أكبر مسجد في دولة الكويت؟","المسجد الكبير"
"E286","الكويت","سهل","استبعاد: تافه","","ما المعلم الكويتي الذي صُمّم على هيئة ثلاث مآذن متفاوتة الارتفاع وافتُتح سنة 1979؟","أبراج الكويت"
"E293","الكويت","سهل","استبعاد: تافه","","ما الأكلة الكويتية الأشهر المكوّنة من الأرز مع اللحم أو الدجاج؟","المجبوس"
"M392","الكويت","متوسط","استبعاد: تافه","","ماذا يُسمّى الرجل الذي ينزل لقاع البحر لجلب المحار في رحلات الغوص؟","الغوّاص"
"M719","الكويت","متوسط","استبعاد: تافه","","ما اسم الوزارة المسؤولة عن التعليم العام في الكويت؟","وزارة التربية"
"M722","الكويت","متوسط","استبعاد: تافه","","ما اسم أول محطة بثّ مرئي أُنشئت في الكويت سنة 1961؟","تلفزيون الكويت"
"M510","الكويت","متوسط","استبعاد: تافه","","ما اسم المجلس الاجتماعي الذي يستقبل فيه الكويتي ضيوفه ويُعدّ عادة أصيلة في البلاد؟","الديوانية"
"M511","الكويت","متوسط","استبعاد: تافه","","ما اسم الاحتفال الذي يجوب فيه الأطفال البيوت في منتصف شهر رمضان؟","القرقيعان"
"M515","الكويت","متوسط","استبعاد: تافه","","ما اسم الرقصة الشعبية التي تُؤدّى في الأعياد والمناسبات الوطنية بالسيوف؟","العرضة"
"M532","الكويت","متوسط","استبعاد: تافه","","ما اسم وكالة الأنباء الرسمية في دولة الكويت؟","وكالة الأنباء الكويتية (كونا)"
"M720","الكويت","متوسط","استبعاد: تافه","","ما اسم السوق الكويتي الذي يقصده الناس لشراء المصوغات والمشغولات الثمينة؟","سوق الذهب"
"ADM1391","الكويت","تعجيزي","استبعاد: تافه","","كم كرةً تحمل أبراج الكويت مجتمعةً؟","ثلاث"
"E304","الكويت","سهل","استبعاد: مكرّر","ADM1179","ما برنامج الأطفال التعليمي الشهير الذي أنتجته الكويت وشاهده أطفال العرب كلهم؟","افتح يا سمسم"
"M724","الكويت","متوسط","استبعاد: مكرّر","ADM0006","ما اسم الطبق الكويتي الذي يُطبخ فيه السمك مع الأرز الأصفر؟","مطبّق"
"E291","الكويت","سهل","تغيير مستوى","متوسط","ما أكبر الجزر الكويتية مساحةً؟","بوبيان"
"E298","الكويت","سهل","تغيير مستوى","متوسط","كم عدد محافظات دولة الكويت؟","ست محافظات"
"E465","الكويت","سهل","تغيير مستوى","متوسط","من أول امرأة كويتية تولّت منصب وزيرة؟","معصومة المبارك"
"M181","الكويت","متوسط","تغيير مستوى","سهل","ما أكبر حقل نفطي في الكويت؟","حقل برقان"
"M496","الكويت","متوسط","تغيير مستوى","صعب","في أي عام اكتُشف النفط في حقل برقان؟","1938"
"M501","الكويت","متوسط","تغيير مستوى","صعب","في أي عام تولّى الشيخ صباح الأول حكم الكويت فبدأ حكم أسرة الصباح؟","١٧٥٢"
"M521","الكويت","متوسط","تغيير مستوى","سهل","ما الطائر الذي يتصدّر شعار دولة الكويت وهو يحمل سفينة؟","الصقر"
"E028","تاريخ وحضارات","سهل","استبعاد: تافه","","من زعيم ألمانيا خلال الحرب العالمية الثانية؟","هتلر"
"E031","تاريخ وحضارات","سهل","استبعاد: تافه","","من أشهر ملكات مصر القديمة؟","كليوباترا"
"E413","تاريخ وحضارات","سهل","استبعاد: تافه","","كم هرماً كبيراً في منطقة الجيزة؟","ثلاثة أهرامات"
"E412","تاريخ وحضارات","سهل","استبعاد: تافه","","ما اسم الإمبراطورية التي كانت روما عاصمتها؟","الإمبراطورية الرومانية"
"E342","تاريخ وحضارات","سهل","استبعاد: تافه","","ما اسم الجدار الذي كان يفصل ألمانيا الشرقية عن الغربية؟","جدار برلين"
"M129","تاريخ وحضارات","متوسط","استبعاد: تافه","","في أي عام تحررت الكويت؟","1991"
"M171","تاريخ وحضارات","متوسط","استبعاد: تافه","","ما الاسم الحالي لمدينة القسطنطينية؟","إسطنبول"
"M122","تاريخ وحضارات","متوسط","استبعاد: تافه","","في أي دولة يقع تاج محل؟","الهند"
"M420","تاريخ وحضارات","متوسط","استبعاد: تافه","","ما اسم الثورة التي أطاحت بالملكية في فرنسا عام 1789؟","الثورة الفرنسية"
"E219","تاريخ وحضارات","سهل","استبعاد: مكرّر","حضارات قديمة","في أي بلد نشأت الألعاب الأولمبية القديمة؟","اليونان"
"M120","تاريخ وحضارات","متوسط","استبعاد: مكرّر","E415","في أي دولة تقع مدينة البتراء الأثرية؟","الأردن"
"H125","تاريخ وحضارات","صعب","استبعاد: مكرّر","M170","في أي عام سقطت القسطنطينية بيد العثمانيين؟","1453"
"H129","تاريخ وحضارات","صعب","استبعاد: مكرّر","M040","ما أقدم جامعة لا تزال قائمة إلى اليوم؟","جامعة القرويين في فاس"
"H324","تاريخ وحضارات","صعب","استبعاد: مكرّر","E035","من مؤسس الدولة الأيوبية في مصر؟","صلاح الدين"
"M175","تاريخ وحضارات","متوسط","استبعاد: مكرّر","H131","ضد من كانت معركة عين جالوت؟","المغول"
"ADM1423","تاريخ وحضارات","تعجيزي","استبعاد: مكرّر","H170","ما اسم المعاهدة التي أنهت حرب الثلاثين عاماً؟","وستفاليا"
"M041","تاريخ وحضارات","متوسط","استبعاد: مكرّر","M040","في أي مدينة تقع جامعة القرويين؟","فاس"
"M010","تاريخ وحضارات","متوسط","استبعاد: مكرّر","E035","من قائد المسلمين في معركة حطين؟","صلاح الدين الأيوبي"
"ADM1421","تاريخ وحضارات","تعجيزي","استبعاد: مكرّر","H181","في أيّ سنةٍ وُقّعت وثيقة الماجنا كارتا؟","1215"
"E026","تاريخ وحضارات","سهل","تغيير مستوى","متوسط","في أي عام سقط جدار برلين؟","1989"
"E217","تاريخ وحضارات","سهل","تغيير مستوى","متوسط","من الرئيس الأمريكي الذي اغتيل عام 1963؟","جون كينيدي"
"E221","تاريخ وحضارات","سهل","تغيير مستوى","متوسط","من الزعيم الذي حكم كوبا بعد ثورة 1959؟","فيدل كاسترو"
"E414","تاريخ وحضارات","سهل","تغيير مستوى","صعب","من الزعيم الذي وحّد إيطاليا في القرن التاسع عشر؟","غاريبالدي"
"E416","تاريخ وحضارات","سهل","تغيير مستوى","متوسط","ما اسم الشعب الذي أنشأ حضارة الفايكنج؟","الإسكندنافيون"
"E039","تاريخ وحضارات","سهل","تغيير مستوى","متوسط","ما أقدم حضارة قامت في أرض العراق؟","الحضارة السومرية"
"E040","تاريخ وحضارات","سهل","تغيير مستوى","متوسط","ما الشعب الذي بنى مدينة البتراء؟","الأنباط"
"E345","تاريخ وحضارات","سهل","تغيير مستوى","متوسط","ما اسم أشهر ملوك الفراعنة الذي بنى معبد أبو سمبل؟","رمسيس الثاني"
"H001","تاريخ وحضارات","صعب","تغيير مستوى","تعجيزي","من أول من قاس محيط الأرض؟","إراتوستينس"
"ADM1387","تاريخ وحضارات","تعجيزي","تغيير مستوى","متوسط","من أصغر حائزٍ على جائزة نوبل في التاريخ؟","ملالا"
"ADM1377","تاريخ وحضارات","تعجيزي","تغيير مستوى","متوسط","كم سنةً قضى نيلسون مانديلا في السجن؟","سبعاً وعشرين"
"E111","تقنية ومنوعات","سهل","استبعاد: تافه","","ما الشركة التي تصنع أجهزة آيفون؟","آبل"
"E112","تقنية ومنوعات","سهل","استبعاد: تافه","","ما أشهر محرك بحث في العالم؟","جوجل"
"E115","تقنية ومنوعات","سهل","استبعاد: تافه","","ما اسم الشبكة الاجتماعية التي كان شعارها طائرًا أزرق؟","تويتر"
"E124","تقنية ومنوعات","سهل","استبعاد: تافه","","ما العملة المستخدمة في المملكة العربية السعودية؟","الريال السعودي"
"E125","تقنية ومنوعات","سهل","استبعاد: تافه","","ما أشهر شركة سيارات يابانية؟","تويوتا"
"E236","تقنية ومنوعات","سهل","استبعاد: تافه","","ما اسم الموسوعة الحرة على الإنترنت التي يحرّرها المستخدمون؟","ويكيبيديا"
"E242","تقنية ومنوعات","سهل","استبعاد: تافه","","في أي دولة تُصنع سيارات مرسيدس؟","ألمانيا"
"E371","تقنية ومنوعات","سهل","استبعاد: تافه","","ما أشهر موقع لمشاركة مقاطع الفيديو في العالم؟","يوتيوب"
"E372","تقنية ومنوعات","سهل","استبعاد: تافه","","ما اسم التطبيق الأشهر لتبادل الرسائل عبر الإنترنت في العالم العربي؟","واتساب"
"E373","تقنية ومنوعات","سهل","استبعاد: تافه","","ما اسم التقنية التي تربط الأجهزة بالإنترنت لاسلكياً في البيت؟","الواي فاي"
"E375","تقنية ومنوعات","سهل","استبعاد: تافه","","ما اسم الشاشة التي تعمل بلمس الإصبع بدل الأزرار؟","الشاشة اللمسية"
"E457","تقنية ومنوعات","سهل","استبعاد: تافه","","ما اسم برنامج جداول البيانات الأشهر من مايكروسوفت؟","إكسل"
"E458","تقنية ومنوعات","سهل","استبعاد: تافه","","ما اسم الرمز الذي يفصل اسم المستخدم عن الموقع في البريد الإلكتروني؟","علامة آت"
"E459","تقنية ومنوعات","سهل","استبعاد: تافه","","ما اسم أشهر تطبيق لمشاركة الصور القصيرة والقصص؟","إنستغرام"
"E460","تقنية ومنوعات","سهل","استبعاد: تافه","","ما اسم الجهاز الصغير الذي يُحمل ويُستخدم للقراءة وتصفّح الإنترنت وشاشته أكبر من الهاتف؟","الجهاز اللوحي"
"E461","تقنية ومنوعات","سهل","استبعاد: تافه","","ما اسم المساعد الصوتي في أجهزة آبل؟","سيري"
"E462","تقنية ومنوعات","سهل","استبعاد: تافه","","ما اسم أشهر تطبيق لمقاطع الفيديو القصيرة بين الشباب؟","تيك توك"
"E464","تقنية ومنوعات","سهل","استبعاد: تافه","","ما اسم المتجر الذي تُنزَّل منه التطبيقات على أجهزة آيفون؟","آب ستور"
"M032","تقنية ومنوعات","متوسط","استبعاد: تافه","","كم عدد دول مجلس التعاون الخليجي؟","ست دول"
"M043","تقنية ومنوعات","متوسط","استبعاد: تافه","","ما العملة الموحدة لدول الاتحاد الأوروبي؟","اليورو"
"M132","تقنية ومنوعات","متوسط","استبعاد: تافه","","ما اسم العملة القطرية؟","الريال القطري"
"M133","تقنية ومنوعات","متوسط","استبعاد: تافه","","ما اسم العملة العُمانية؟","الريال العُماني"
"M134","تقنية ومنوعات","متوسط","استبعاد: تافه","","ما اسم العملة الإماراتية؟","الدرهم"
"M712","تقنية ومنوعات","متوسط","استبعاد: تافه","","ماذا يعني اختصار AI؟","الذكاء الاصطناعي"
"M715","تقنية ومنوعات","متوسط","استبعاد: تافه","","ما اسم المتصفّح الذي طوّرته جوجل؟","كروم"
"ADM1379","تقنية ومنوعات","تعجيزي","استبعاد: تافه","","ماذا كانت مهنة والد ستيف جوبز بالتبنّي؟","ميكانيكي"
"ADM1613","تقنية ومنوعات","تعجيزي","استبعاد: تافه","","كم دولةً كانت متّصلة بالإنترنت سنة 1991؟","أقلّ من عشرين"
"ADM1601","تقنية ومنوعات","تعجيزي","استبعاد: مكرّر","H086","كم بايتاً في الكيلوبايت الواحد؟","1024"
"M382","تقنية ومنوعات","متوسط","تغيير مستوى","سهل","من مؤسس شركة أمازون؟","جيف بيزوس"
"M385","تقنية ومنوعات","متوسط","تغيير مستوى","سهل","ما الشركة التي تملك تطبيقي واتساب وإنستغرام؟","ميتا"
"ADM1380","تقنية ومنوعات","تعجيزي","تغيير مستوى","متوسط","في أيّ جامعةٍ درس بيل غيتس قبل أن يتركها؟","هارفارد"
"E001","جغرافيا ومعالم","سهل","استبعاد: تافه","","ما أطول نهر في أفريقيا؟","النيل"
"E002","جغرافيا ومعالم","سهل","استبعاد: تافه","","في أي دولة يقع برج بيزا المائل؟","إيطاليا"
"E004","جغرافيا ومعالم","سهل","استبعاد: تافه","","ما الدولة الملقبة ببلاد الشمس المشرقة؟","اليابان"
"E006","جغرافيا ومعالم","سهل","استبعاد: تافه","","ما الدولة التي تحد الكويت من الجنوب؟","السعودية"
"E009","جغرافيا ومعالم","سهل","استبعاد: تافه","","في أي دولة تقع مدينة بيت لحم؟","فلسطين"
"E010","جغرافيا ومعالم","سهل","استبعاد: تافه","","في أي دولة تقع مدينة البندقية؟","إيطاليا"
"E015","جغرافيا ومعالم","سهل","استبعاد: تافه","","ما الدولة التي يعيش فيها حيوان الباندا؟","الصين"
"E020","جغرافيا ومعالم","سهل","استبعاد: تافه","","ما الدولة التي تضم مدينة الدار البيضاء؟","المغرب"
"E021","جغرافيا ومعالم","سهل","استبعاد: تافه","","ما البحر الذي تطل عليه سوريا ولبنان؟","البحر المتوسط"
"E022","جغرافيا ومعالم","سهل","استبعاد: تافه","","ما أكبر مدينة في الولايات المتحدة سكانًا؟","نيويورك"
"E023","جغرافيا ومعالم","سهل","استبعاد: تافه","","ما الدولة التي تشتهر بمدينة ريو دي جانيرو؟","البرازيل"
"E116","جغرافيا ومعالم","سهل","استبعاد: تافه","","كم عدد ألوان علم السعودية؟","لونان"
"E128","جغرافيا ومعالم","سهل","استبعاد: تافه","","ما اسم أطول برج في مدينة دبي؟","برج خليفة"
"E129","جغرافيا ومعالم","سهل","استبعاد: تافه","","في أي دولة يقع برج خليفة؟","الإمارات"
"E146","جغرافيا ومعالم","سهل","استبعاد: تافه","","ما أكبر مدينة في مصر سكانًا؟","القاهرة"
"E150","جغرافيا ومعالم","سهل","استبعاد: تافه","","في أي دولة تقع مدينة القدس؟","فلسطين"
"E238","جغرافيا ومعالم","سهل","استبعاد: تافه","","في أي مدينة يقع مقر جامعة الدول العربية؟","القاهرة"
"E243","جغرافيا ومعالم","سهل","استبعاد: تافه","","ما اسم الجسر الذي يربط السعودية بالبحرين؟","جسر الملك فهد"
"E254","جغرافيا ومعالم","سهل","استبعاد: تافه","","في أي دولة تقع مدينة مومباي؟","الهند"
"E338","جغرافيا ومعالم","سهل","استبعاد: تافه","","ما البحر الذي يفصل بين السعودية ومصر؟","البحر الأحمر"
"E339","جغرافيا ومعالم","سهل","استبعاد: تافه","","ما اسم أطول سور بناه الإنسان؟","سور الصين العظيم"
"E340","جغرافيا ومعالم","سهل","استبعاد: تافه","","ما أكبر محيط في العالم؟","المحيط الهادئ"
"E336","جغرافيا ومعالم","سهل","استبعاد: تافه","","ما أكبر قارة في العالم مساحةً؟","آسيا"
"E401","جغرافيا ومعالم","سهل","استبعاد: تافه","","في أي دولة يقع نهر التايمز؟","بريطانيا"
"E405","جغرافيا ومعالم","سهل","استبعاد: تافه","","ما الدولة التي تشتهر ببرج إيفل؟","فرنسا"
"E407","جغرافيا ومعالم","سهل","استبعاد: تافه","","في أي دولة تقع مدينة أثينا؟","اليونان"
"E406","جغرافيا ومعالم","سهل","استبعاد: تافه","","ما اسم العاصمة التي يقع فيها الكرملين؟","موسكو"
"E126","جغرافيا ومعالم","سهل","استبعاد: تافه","","ما اسم أشهر مهرجان تسوق في مدينة دبي؟","مهرجان دبي للتسوق"
"E241","جغرافيا ومعالم","سهل","استبعاد: تافه","","ما اسم مجمع الأبراج المطل على الحرم في مكة المكرمة؟","أبراج البيت — برج الساعة"
"M031","جغرافيا ومعالم","متوسط","استبعاد: تافه","","ما البحر الذي يقع شمال مصر؟","البحر المتوسط"
"M154","جغرافيا ومعالم","متوسط","استبعاد: تافه","","ما النهران اللذان يمران بالعراق؟","دجلة والفرات"
"M151","جغرافيا ومعالم","متوسط","استبعاد: تافه","","في أي قارة يقع نهر الأمازون؟","أمريكا الجنوبية"
"M058","جغرافيا ومعالم","متوسط","استبعاد: تافه","","في أي قارة تقع دولة تشيلي؟","أمريكا الجنوبية"
"M153","جغرافيا ومعالم","متوسط","استبعاد: تافه","","ما النهر الذي يمر بمدينة لندن؟","نهر التايمز"
"M125","جغرافيا ومعالم","متوسط","استبعاد: تافه","","ما المضيق الذي يربط الخليج العربي ببحر عُمان؟","مضيق هرمز"
"M148","جغرافيا ومعالم","سهل","استبعاد: تافه","","ما اسم الخط الوهمي الذي يقسم الأرض إلى نصفين؟","خط الاستواء"
"M654","جغرافيا ومعالم","متوسط","استبعاد: تافه","","ما عاصمة الأردن؟","عمّان"
"M655","جغرافيا ومعالم","متوسط","استبعاد: تافه","","ما عاصمة تونس؟","مدينة تونس"
"M656","جغرافيا ومعالم","متوسط","استبعاد: تافه","","ما اسم أطول نهر في العالم؟","نهر النيل"
"M433","جغرافيا ومعالم","متوسط","استبعاد: تافه","","ما أكبر دولة في العالم مساحةً؟","روسيا"
"M250","جغرافيا ومعالم","متوسط","استبعاد: تافه","","ما اسم أشهر ساعة في لندن؟","بيغ بن"
"M157","جغرافيا ومعالم","متوسط","استبعاد: مكرّر","M158","ما أشهر بركان في إيطاليا؟","بركان فيزوف"
"ADM1457","جغرافيا ومعالم","تعجيزي","استبعاد: مكرّر","H035","أيّ مضيقٍ يفصل بين آسيا وأمريكا الشماليّة؟","بيرينغ"
"ADM1464","جغرافيا ومعالم","تعجيزي","استبعاد: مكرّر","H194","على أيّ خطّ طولٍ يمرّ خطّ غرينتش؟","الصفر"
"ADM1327","جغرافيا ومعالم","تعجيزي","استبعاد: مكرّر","H194","خطّ الطول الذي يمرّ بغرينتش رقمُه كم؟","صفر"
"ADM1454","جغرافيا ومعالم","تعجيزي","استبعاد: مكرّر","H090","أيّ صحراءٍ هي الأكبر في العالم؟","القطبيّة الجنوبيّة"
"H388","جغرافيا ومعالم","صعب","استبعاد: مكرّر","M155","ما اسم الهضبة التي تُلقّب بسقف العالم؟","هضبة التبت"
"H030","جغرافيا ومعالم","صعب","استبعاد: مكرّر","H029","في أي دولة تقع بحيرة بايكال؟","روسيا"
"H032","جغرافيا ومعالم","صعب","استبعاد: مكرّر","H031","في أي دولة تقع شلالات أنجل؟","فنزويلا"
"M013","جغرافيا ومعالم","سهل","تغيير مستوى","متوسط","ما أصغر دولة في العالم مساحةً؟","الفاتيكان"
"ADM1458","جغرافيا ومعالم","تعجيزي","تغيير مستوى","صعب","كم يبلغ ارتفاع قمّة إيفرست بالأمتار؟","8849"
"ADM1459","جغرافيا ومعالم","تعجيزي","تغيير مستوى","متوسط","ما اسم أصغر دولةٍ في العالم بعد الفاتيكان؟","موناكو"
"ADM1460","جغرافيا ومعالم","تعجيزي","تغيير مستوى","متوسط","في أيّ دولةٍ تقع أخفض نقطة يابسة على وجه الأرض؟","الأردن"
"ADM1463","جغرافيا ومعالم","تعجيزي","تغيير مستوى","صعب","بأيّ اسمٍ تُعرف الرياح الموسميّة في جنوب آسيا؟","المونسون"
"E044","دين وسيرة","سهل","استبعاد: تافه","","إلى أي مدينة هاجر النبي محمد صلى الله عليه وسلم؟","المدينة المنورة"
"E045","دين وسيرة","سهل","استبعاد: تافه","","ما الحدث الذي بدأ منه التقويم الهجري؟","الهجرة النبوية"
"E048","دين وسيرة","سهل","استبعاد: تافه","","ما اسم الشهر الذي يلي رمضان؟","شوال"
"E051","دين وسيرة","سهل","استبعاد: تافه","","ما لون كسوة الكعبة؟","أسود"
"E052","دين وسيرة","سهل","استبعاد: تافه","","في أي مدينة يقع جبل عرفات؟","مكة المكرمة"
"E054","دين وسيرة","سهل","استبعاد: تافه","","ما اسم الملك الموكل بالوحي؟","جبريل"
"E060","دين وسيرة","سهل","استبعاد: تافه","","ما اسم أول بيت وُضع للناس؟","الكعبة"
"E234","دين وسيرة","سهل","استبعاد: تافه","","ما اسم الكتاب الذي أُنزل على النبي عيسى عليه السلام؟","الإنجيل"
"E346","دين وسيرة","سهل","استبعاد: تافه","","كم عدد أركان الإسلام؟","خمسة أركان"
"E347","دين وسيرة","سهل","استبعاد: تافه","","كم عدد ركعات صلاة المغرب؟","ثلاث ركعات"
"E348","دين وسيرة","سهل","استبعاد: تافه","","ما اسم الشهر الذي يصوم فيه المسلمون؟","رمضان"
"E350","دين وسيرة","سهل","استبعاد: تافه","","كم عدد ركعات صلاة الفجر؟","ركعتان"
"E418","دين وسيرة","سهل","استبعاد: تافه","","ما اسم آخر شهر في السنة الهجرية؟","ذو الحجة"
"E419","دين وسيرة","سهل","استبعاد: تافه","","ما اسم الحج الأصغر؟","العمرة"
"E420","دين وسيرة","سهل","استبعاد: تافه","","في أي مدينة وُلد النبي صلى الله عليه وسلم؟","مكة المكرمة"
"E422","دين وسيرة","سهل","استبعاد: تافه","","ما اسم الليلة التي هي خير من ألف شهر؟","ليلة القدر"
"M340","دين وسيرة","متوسط","استبعاد: تافه","","كم عدد سور القرآن الكريم؟","114 سورة"
"M341","دين وسيرة","متوسط","استبعاد: تافه","","ما السورة التي تُقرأ في كل ركعة من الصلاة؟","سورة الفاتحة"
"M097","دين وسيرة","متوسط","استبعاد: تافه","","كم عدد أجزاء القرآن الكريم؟","30 جزءًا"
"E057","دين وسيرة","سهل","استبعاد: تافه","","ما اسم النبي الذي صنع السفينة؟","نوح"
"M353","دين وسيرة","متوسط","استبعاد: تافه","","ما اسم أول أذان رُفع فوق الكعبة يوم فتح مكة ومن رفعه؟","رفعه بلال بن رباح"
"M675","دين وسيرة","متوسط","استبعاد: تافه","","ما اسم البئر التي تقع في الحرم المكي؟","بئر زمزم"
"E056","دين وسيرة","سهل","استبعاد: مكرّر","ADM2034","ما اسم النبي الذي ابتلعه الحوت؟","يونس"
"E059","دين وسيرة","سهل","استبعاد: مكرّر","ADM2035","ما اسم النبي الذي كلّمه الله مباشرة؟","موسى"
"E424","دين وسيرة","سهل","استبعاد: مكرّر","ADM2047","ما اسم النبي الذي أُرسل إلى قوم عاد؟","هود عليه السلام"
"E055","دين وسيرة","سهل","استبعاد: مكرّر","ADM2055","كم عدد أولي العزم من الرسل؟","خمسة"
"E058","دين وسيرة","سهل","استبعاد: مكرّر","ADM2096","ما اسم النبي الملقب بخليل الله؟","إبراهيم"
"E230","دين وسيرة","سهل","استبعاد: مكرّر","قصص الأنبياء","من النبي الذي عاد إليه بصره بقميص ابنه؟","يعقوب عليه السلام"
"E042","دين وسيرة","سهل","استبعاد: مكرّر","السيرة النبوية","من أول الرجال إسلامًا؟","أبو بكر الصديق"
"E043","دين وسيرة","سهل","استبعاد: مكرّر","ADM1963","ما اسم أول زوجات النبي محمد صلى الله عليه وسلم؟","خديجة بنت خويلد"
"E047","دين وسيرة","سهل","استبعاد: مكرّر","ADM2022","من أول مؤذن في الإسلام؟","بلال بن رباح"
"E224","دين وسيرة","سهل","استبعاد: مكرّر","ADM1959","ما اسم الغار الذي كان يتعبّد فيه النبي صلى الله عليه وسلم قبل البعثة؟","غار حراء"
"E226","دين وسيرة","سهل","استبعاد: مكرّر","ADM1969","من ابنة النبي صلى الله عليه وسلم التي تزوجها علي بن أبي طالب؟","فاطمة الزهراء"
"E349","دين وسيرة","سهل","استبعاد: مكرّر","السيرة النبوية","ما اسم أبي النبي صلى الله عليه وسلم؟","عبدالله بن عبدالمطلب"
"M671","دين وسيرة","متوسط","استبعاد: مكرّر","السيرة النبوية","ما اسم أم النبي صلى الله عليه وسلم؟","آمنة بنت وهب"
"M254","دين وسيرة","متوسط","استبعاد: مكرّر","ADM1968","ما اسم الغار الذي اختبأ فيه النبي ﷺ وأبو بكر أثناء الهجرة؟","غار ثور"
"M255","دين وسيرة","متوسط","استبعاد: مكرّر","ADM1987","من أول امرأة استشهدت في الإسلام؟","سمية بنت خياط"
"M252","دين وسيرة","متوسط","استبعاد: مكرّر","ADM1986","من أول من أسلم من الصبيان؟","علي بن أبي طالب"
"M260","دين وسيرة","متوسط","استبعاد: مكرّر","ADM1978","من الصحابي الذي أشار بحفر الخندق؟","سلمان الفارسي"
"M261","دين وسيرة","متوسط","استبعاد: مكرّر","ADM1975","بأي اسم عُرف العام الذي وُلد فيه النبي ﷺ؟","عام الفيل"
"M262","دين وسيرة","متوسط","استبعاد: مكرّر","ADM1974","من مرضعة النبي ﷺ في بادية بني سعد؟","حليمة السعدية"
"M266","دين وسيرة","متوسط","استبعاد: مكرّر","ADM1980","في أي سنة هجرية كان فتح مكة؟","السنة الثامنة"
"M253","دين وسيرة","متوسط","استبعاد: مكرّر","ADM1991","كم سنة استمرت الدعوة في مكة قبل الهجرة؟","ثلاث عشرة سنة"
"M343","دين وسيرة","متوسط","استبعاد: مكرّر","ADM1983","من الصحابي الملقب بأمين هذه الأمة؟","أبو عبيدة بن الجراح"
"M344","دين وسيرة","متوسط","استبعاد: مكرّر","ADM2010","من الصحابي الملقب بحواري الرسول صلى الله عليه وسلم؟","الزبير بن العوام"
"M256","دين وسيرة","متوسط","استبعاد: مكرّر","ADM1995","من الصحابي الذي كُلّف بجمع القرآن في مصحف واحد في عهد أبي بكر؟","زيد بن ثابت"
"M088","دين وسيرة","متوسط","استبعاد: مكرّر","ADM1966","ما أول مسجد بُني في الإسلام؟","مسجد قباء"
"M351","دين وسيرة","متوسط","استبعاد: مكرّر","ADM1973","ما اسم الرحلة التي أُسري فيها بالنبي صلى الله عليه وسلم ثم عُرج به؟","الإسراء والمعراج"
"M350","دين وسيرة","متوسط","استبعاد: مكرّر","السيرة النبوية","ما اسم البيعة التي وقعت تحت الشجرة؟","بيعة الرضوان"
"M352","دين وسيرة","متوسط","استبعاد: مكرّر","السيرة النبوية","كم عدد الغزوات التي خرج فيها النبي صلى الله عليه وسلم بنفسه؟","سبع وعشرون غزوة"
"M259","دين وسيرة","متوسط","استبعاد: مكرّر","ADM1982","كم بلغ عدد المسلمين في غزوة بدر؟","ثلاثمئة وثلاثة عشر"
"ADM1497","دين وسيرة","تعجيزي","استبعاد: مكرّر","M602","أيّ غزوةٍ سُمّيت «غزوة الأحزاب» أيضاً؟","الخندق"
"H145","دين وسيرة","صعب","استبعاد: مكرّر","السيرة النبوية","من الصحابي الذي اهتزّ لموته عرش الرحمن؟","سعد بن معاذ"
"H332","دين وسيرة","صعب","استبعاد: مكرّر","السيرة النبوية","ما اسم أول سفير في الإسلام؟","مصعب بن عمير"
"ADM1491","دين وسيرة","تعجيزي","استبعاد: مكرّر","ADM2017","من أوّل مولودٍ للمهاجرين في المدينة بعد الهجرة؟","عبدالله بن الزبير"
"ADM1492","دين وسيرة","تعجيزي","استبعاد: مكرّر","ADM1987","أيّ امرأةٍ كانت أوّل شهيدةٍ في الإسلام؟","سميّة بنت خيّاط"
"ADM1499","دين وسيرة","تعجيزي","استبعاد: مكرّر","E225","كم عاماً عاش النبيّ صلّى الله عليه وسلّم؟","ثلاثة وستّون"
"ADM1498","دين وسيرة","تعجيزي","استبعاد: مكرّر","M094","ما اسم أقصر سورةٍ في القرآن الكريم؟","الكوثر"
"ADM1495","دين وسيرة","تعجيزي","استبعاد: مكرّر","M096","ما اسم السورة التي تُسمّى «قلب القرآن»؟","يس"
"ADM1486","دين وسيرة","تعجيزي","استبعاد: مكرّر","H043","بأيّ اسمٍ تُلقَّب سورة الرحمن؟","عروس القرآن"
"ADM1697","دين وسيرة","تعجيزي","استبعاد: مكرّر","H143","السورة التي تُسمّى «الفاضحة» لكشفها المنافقين — ما اسمها الآخر؟","براءة"
"ADM1696","دين وسيرة","تعجيزي","استبعاد: مكرّر","السيرة النبوية","كم رجلاً من الأنصار بايع النبيّ في بيعة العقبة الثانية؟","ثلاثة وسبعون"
"ADM1500","دين وسيرة","تعجيزي","استبعاد: مكرّر","السيرة النبوية","الصحابيّ الذي حمت جثمانَه الدبابيرُ من المشركين — من هو؟","عاصم بن ثابت"
"H406","دين وسيرة","صعب","استبعاد: مكرّر","السيرة النبوية","ما اسم الصحابي الذي سُمّي بذي الشهادتين؟","خزيمة بن ثابت"
"H150","دين وسيرة","صعب","استبعاد: مكرّر","H036","من الإمام الذي وُلد في غزة ودُفن في مصر؟","الإمام الشافعي"
"M349","دين وسيرة","متوسط","تغيير مستوى","سهل","من الخليفة الراشد الرابع؟","علي بن أبي طالب"
"M600","دين وسيرة","متوسط","تغيير مستوى","سهل","كم عدد أركان الإيمان؟","ستة أركان"
"M093","دين وسيرة","متوسط","تغيير مستوى","سهل","ما أطول سورة في القرآن الكريم؟","سورة البقرة"
"M094","دين وسيرة","متوسط","تغيير مستوى","سهل","ما أقصر سورة في القرآن الكريم؟","سورة الكوثر"
"M095","دين وسيرة","متوسط","تغيير مستوى","سهل","كم عدد آيات سورة الفاتحة؟","سبع آيات"
"M090","دين وسيرة","متوسط","تغيير مستوى","سهل","من الصحابي الملقب بالفاروق؟","عمر بن الخطاب"
"M091","دين وسيرة","متوسط","تغيير مستوى","سهل","من الصحابي الملقب بذي النورين؟","عثمان بن عفان"
"M346","دين وسيرة","متوسط","تغيير مستوى","سهل","ما اسم أول شهر في التقويم الهجري؟","محرم"
"M347","دين وسيرة","متوسط","تغيير مستوى","سهل","ما اسم الحجة الوحيدة التي حجّها النبي صلى الله عليه وسلم؟","حجة الوداع"
"ADM1493","دين وسيرة","تعجيزي","تغيير مستوى","متوسط","أيّ نبيٍّ يُلقَّب بـ«ذبيح الله»؟","إسماعيل"
"ADM1494","دين وسيرة","تعجيزي","تغيير مستوى","متوسط","بأيّ لقبٍ عُرف النبيّ يعقوب عليه السلام؟","إسرائيل"
"ADM1490","دين وسيرة","تعجيزي","تغيير مستوى","صعب","كم سنةً دامت الدعوة سرّاً قبل الجهر بها؟","ثلاث"
"E101","رياضة وأرقام","سهل","استبعاد: تافه","","كم دقيقة يستغرق الشوط الواحد في مباراة كرة القدم؟","خمس وأربعون دقيقة"
"E102","رياضة وأرقام","سهل","استبعاد: تافه","","ما اسم أكبر بطولة للأندية الأوروبية في كرة القدم؟","دوري أبطال أوروبا"
"E104","رياضة وأرقام","سهل","استبعاد: تافه","","ما الرياضة التي اشتهر بها محمد علي كلاي؟","الملاكمة"
"E110","رياضة وأرقام","سهل","استبعاد: تافه","","ما اسم الرياضة التي يتبادل فيها لاعبان كرة خفيفة فوق شبكة منخفضة بمضربين صغيرين؟","كرة الطاولة"
"E173","رياضة وأرقام","سهل","استبعاد: تافه","","ما النادي الإسباني الملقب بالفريق الملكي؟","ريال مدريد"
"E176","رياضة وأرقام","سهل","استبعاد: تافه","","ما لون قميص المنتخب الهولندي؟","البرتقالي"
"E183","رياضة وأرقام","سهل","استبعاد: تافه","","ما العدد الذي يمثله الرمز الروماني X؟","عشرة"
"E184","رياضة وأرقام","سهل","استبعاد: تافه","","كم ضلعًا في الشكل المُثمَّن؟","ثمانية أضلاع"
"E186","رياضة وأرقام","سهل","استبعاد: تافه","","ما اسم المجسم الذي جميع أوجهه مربعات متساوية؟","المكعب"
"E366","رياضة وأرقام","سهل","استبعاد: تافه","","كم لاعباً في فريق كرة السلة داخل الملعب؟","خمسة لاعبين"
"E367","رياضة وأرقام","سهل","استبعاد: تافه","","كم دقيقة في ثلث الساعة؟","عشرون دقيقة"
"E368","رياضة وأرقام","سهل","استبعاد: تافه","","ما اسم الرياضة التي تُلعب بعصا وكرة صغيرة في حفر؟","الغولف"
"E369","رياضة وأرقام","سهل","استبعاد: تافه","","ما اسم الشهر الميلادي الذي يزيد يوماً في السنة الكبيسة؟","فبراير"
"E370","رياضة وأرقام","سهل","استبعاد: تافه","","ما اسم الشكل الهندسي الذي لا أضلاع له ولا زوايا؟","الدائرة"
"E451","رياضة وأرقام","سهل","استبعاد: تافه","","ما اسم الرياضة التي تُلعب على الجليد بعصا وقرص؟","الهوكي"
"E454","رياضة وأرقام","سهل","استبعاد: تافه","","ما لون بطاقة الإنذار في كرة القدم؟","الصفراء"
"E455","رياضة وأرقام","سهل","استبعاد: تافه","","كم يوماً في السنة الميلادية العادية؟","365 يوماً"
"E456","رياضة وأرقام","سهل","استبعاد: تافه","","ماذا يُحتسب على الفريق إذا ارتكب مدافعه مخالفة داخل المنطقة المحرّمة أمام مرماه؟","ركلة الجزاء"
"M218","رياضة وأرقام","سهل","استبعاد: تافه","","من أي دولة اللاعب دييغو مارادونا؟","الأرجنتين"
"M287","رياضة وأرقام","سهل","استبعاد: تافه","","كم ثانية في الساعة الواحدة؟","3600 ثانية"
"S001","رياضة وأرقام","سهل","استبعاد: تافه","","كم لاعبًا في فريق كرة القدم داخل الملعب؟","أحد عشر لاعبًا"
"S002","رياضة وأرقام","سهل","استبعاد: تافه","","ما لون البطاقة التي تعني طرد اللاعب من الملعب؟","الحمراء"
"S006","رياضة وأرقام","سهل","استبعاد: تافه","","ما الرياضة التي تُلعب فوق شبكة عالية بضرب الكرة باليد؟","الكرة الطائرة"
"S007","رياضة وأرقام","سهل","استبعاد: تافه","","ما الرياضة التي تُمارَس في حلبة بقفازات؟","الملاكمة"
"S010","رياضة وأرقام","سهل","استبعاد: تافه","","ما الرياضة التي يُستعمل فيها مضرب وكرة صفراء فوق شبكة؟","التنس"
"S011","رياضة وأرقام","سهل","استبعاد: تافه","","ما الدولة التي استضافت كأس العالم 2022؟","قطر"
"S018","رياضة وأرقام","سهل","استبعاد: تافه","","كم ضلعًا في الشكل الخماسي؟","خمسة أضلاع"
"S020","رياضة وأرقام","سهل","استبعاد: تافه","","ما الشكل الذي له أربعة أضلاع متساوية وأربع زوايا قائمة؟","المربع"
"S021","رياضة وأرقام","سهل","استبعاد: تافه","","كم صفرًا في الألف؟","ثلاثة أصفار"
"S022","رياضة وأرقام","سهل","استبعاد: تافه","","ما أصغر عدد أولي؟","اثنان"
"S025","رياضة وأرقام","سهل","استبعاد: تافه","","كم دقيقة في ساعتين؟","120 دقيقة"
"S026","رياضة وأرقام","سهل","استبعاد: تافه","","ما اسم الزاوية التي تساوي تسعين درجة؟","الزاوية القائمة"
"M406","رياضة وأرقام","متوسط","استبعاد: تافه","","ما اسم الاتحاد الدولي لكرة القدم؟","الفيفا"
"M212","رياضة وأرقام","متوسط","استبعاد: تافه","","كل كم سنة تقام الألعاب الأولمبية؟","أربع سنوات"
"M274","رياضة وأرقام","متوسط","استبعاد: تافه","","ما لقب المنتخب الكويتي لكرة القدم؟","الأزرق"
"S004","رياضة وأرقام","سهل","استبعاد: مكرّر","ADM1721","ما النادي الإنجليزي الملقب بالشياطين الحمر؟","مانشستر يونايتد"
"ADM1503","رياضة وأرقام","تعجيزي","استبعاد: مكرّر","M211","كم حلقةً في شعار الأولمبياد؟","خمس"
"E106","رياضة وأرقام","متوسط","استبعاد: مكرّر","M271","كم يبلغ طول سباق الماراثون تقريبًا؟","42 كيلومترًا"
"M060","رياضة وأرقام","متوسط","استبعاد: مكرّر","ADM1875","كم مرة فازت البرازيل بكأس العالم؟","خمس مرات"
"M062","رياضة وأرقام","متوسط","استبعاد: مكرّر","ADM1894","ما الدولة التي استضافت أول كأس عالم؟","الأوروغواي"
"M268","رياضة وأرقام","متوسط","استبعاد: مكرّر","ADM1901","من المنتخب الذي فاز بأول كأس عالم لكرة القدم عام 1930؟","أوروغواي"
"M290","رياضة وأرقام","متوسط","استبعاد: مكرّر","ADM1927","كم منتخبًا شارك في أول كأس عالم عام 1930؟","ثلاثة عشر"
"H206","رياضة وأرقام","صعب","استبعاد: مكرّر","ADM1950","ما أول دولة عربية تأهلت لنهائيات كأس العالم؟","مصر"
"S027","رياضة وأرقام","متوسط","استبعاد: مكرّر","كأس العالم","ما المنتخب الذي فاز بكأس العالم 2022؟","الأرجنتين"
"S028","رياضة وأرقام","متوسط","استبعاد: مكرّر","كأس العالم","ما المنتخب الذي فاز بكأس العالم 2018؟","فرنسا"
"S053","رياضة وأرقام","صعب","استبعاد: مكرّر","ADM1912","ما المنتخب الذي فاز بكأس العالم عام 2014؟","ألمانيا"
"ADM0616","سيارات","سهل","استبعاد: تافه","","أي شركة تصنع طراز كامري؟","تويوتا"
"ADM0618","سيارات","سهل","استبعاد: تافه","","إلى أي شركة ينتمي موديل باترول؟","نيسان"
"ADM0620","سيارات","سهل","استبعاد: تافه","","أي علامة تشتهر بسيارة غولف؟","فولكس فاغن"
"ADM0622","سيارات","سهل","استبعاد: تافه","","ما العلامة الموجودة خلف اسم تشالنجر؟","دودج"
"ADM0623","سيارات","سهل","استبعاد: تافه","","أي علامة تشتهر بسيارة رانجلر؟","جيب"
"ADM0624","سيارات","سهل","استبعاد: تافه","","من ينتج موديل ديفندر؟","لاند روفر"
"ADM0690","سيارات","سهل","استبعاد: تافه","","من الصانع الذي يبيع سيارة موستانغ؟","فورد"
"ADM0691","سيارات","سهل","استبعاد: تافه","","طراز 911 يتبع أي علامة سيارات؟","بورشه"
"ADM0615","سيارات","سهل","استبعاد: تافه","","حدد دولة المنشأ لعلامة تسلا.","الولايات المتحدة"
"ADM0686","سيارات","سهل","استبعاد: تافه","","ماذا يعني الاختصار SUV في عالم السيارات؟","مركبة رياضية متعددة الاستخدامات"
"ADM0685","سيارات","سهل","استبعاد: تافه","","ما اسم هيكل السيارة ذي صندوق الأمتعة المنفصل غالباً؟","سيدان"
"ADM0684","سيارات","سهل","استبعاد: تافه","","ما نوع الهيكل الذي يملك باباً خلفياً يفتح مع الزجاج؟","هاتشباك"
"ADM0683","سيارات","سهل","استبعاد: تافه","","ماذا تسمى السيارة ذات السقف القابل للفتح؟","مكشوفة أو كابريوليه"
"ADM0682","سيارات","سهل","استبعاد: تافه","","ما اسم المركبة التي تحمل صندوقاً مكشوفاً خلف المقصورة؟","بيك أب"
"ADM0680","سيارات","سهل","استبعاد: تافه","","ما اسم السيارة الطويلة الفاخرة التي تُستأجر للمناسبات؟","الليموزين"
"ADM0630","سيارات","متوسط","استبعاد: تافه","","أي نوع سباقات يستخدم سيارات بمقعد واحد وعجلات مكشوفة؟","سباقات الفورمولا"
"ADM0658","سيارات","متوسط","استبعاد: تافه","","ما العلامة الفاخرة التابعة لتويوتا؟","لكزس"
"ADM0654","سيارات","سهل","استبعاد: تافه","","أي علامة تشتهر بسيارة موديل S؟","تسلا"
"ADM0597","سيارات","سهل","استبعاد: تافه","","ما الشركة الأم لطراز الفئة C؟","مرسيدس"
"ADM1630","سيارات","تعجيزي","استبعاد: تافه","","ماذا يقيس عدّاد الدورات في السيّارة؟","دورات المحرّك"
"ADM1618","سيارات","تعجيزي","استبعاد: مكرّر","ADM0694","ماذا تعني الحروف «بي إم دبليو» بالألمانيّة؟","مصانع بافاريا للمحرّكات"
"ADM1634","سيارات","تعجيزي","استبعاد: مكرّر","ADM0667","أيّ صناعةٍ كان يعمل بها مؤسّس لامبورغيني قبل السيّارات؟","الجرّارات"
"ADM1624","سيارات","تعجيزي","استبعاد: مكرّر","ADM0677","من مخترع حزام الأمان بثلاث نقاط؟","نيلز بولين"
"ADM1628","سيارات","تعجيزي","استبعاد: مكرّر","ADM0678","ما اسم السيّارة التي جعلها هنري فورد في متناول الجميع؟","موديل تي"
"ADM1619","سيارات","تعجيزي","استبعاد: مكرّر","ADM0695","ماذا يمثّل شعار أودي بحلقاته الأربع؟","اندماج أربع شركات"
"ADM0599","سيارات","صعب","استبعاد: مكرّر","ADM0629","أي سباق يشكل مع موناكو وإنديانابوليس التاج الثلاثي لرياضة المحركات؟","لومان 24 ساعة"
"ADM1633","سيارات","تعجيزي","تغيير مستوى","سهل","ما اسم النظام الذي يمنع قفل العجلات عند الكبح؟","إيه بي إس"
"ADM1632","سيارات","تعجيزي","تغيير مستوى","متوسط","كم مرّةً فاز ميشيل شوماخر ببطولة العالم للفورمولا 1؟","سبع"
"ADM1626","سيارات","تعجيزي","تغيير مستوى","متوسط","ما أسرع سيّارة إنتاجٍ في العالم من حيث السرعة القصوى؟","بوغاتي شيرون"
"E317","سينما ودراما","سهل","استبعاد: تافه","","ما الفيلم الشهير الذي يروي غرق سفينة عملاقة سنة ١٩١٢ وبطله ليوناردو دي كابريو؟","تايتانيك"
"E318","سينما ودراما","سهل","استبعاد: تافه","","ما أشهر جائزة سينمائية في العالم؟","الأوسكار"
"E319","سينما ودراما","سهل","استبعاد: تافه","","ما اسم الحي الأمريكي الذي يُعدّ عاصمة صناعة السينما في العالم؟","هوليوود"
"E320","سينما ودراما","سهل","استبعاد: تافه","","ما سلسلة الأفلام الشهيرة عن ساحر صغير يدرس في مدرسة هوغوورتس؟","هاري بوتر"
"E321","سينما ودراما","سهل","استبعاد: تافه","","ما فيلم ديزني الشهير الذي بطله شبل أسد اسمه سيمبا؟","الأسد الملك"
"E488","سينما ودراما","سهل","استبعاد: تافه","","ما اسم البرنامج التلفزيوني الذي يعرض أخبار اليوم؟","نشرة الأخبار"
"E482","سينما ودراما","سهل","استبعاد: تافه","","ما اسم السلسلة السينمائية عن جاسوس بريطاني رقمه سبعة صفر صفر؟","جيمس بوند"
"E332","سينما ودراما","سهل","استبعاد: مكرّر","ADM0721","من المطرب المصري الملقّب بـ«العندليب الأسمر» الذي مثّل في السينما أيضاً؟","عبدالحليم حافظ"
"E389","سينما ودراما","سهل","استبعاد: مكرّر","ADM0788","ما اسم الفنان المصري الملقّب بـ«فنان الشعب»؟","سيد درويش"
"E484","سينما ودراما","سهل","استبعاد: مكرّر","E311","ما اسم الفنان الكويتي الملقّب بـ«بوعدنان»؟","عبدالحسين عبدالرضا"
"ADM1559","سينما ودراما","تعجيزي","استبعاد: مكرّر","M585","كم تمثالاً من الأوسكار نالت «تايتانيك»؟","أحد عشر"
"ADM1569","سينما ودراما","تعجيزي","استبعاد: مكرّر","M580","ما اسم الجائزة الكبرى في مهرجان كان؟","السعفة الذهبية"
"M586","سينما ودراما","متوسط","استبعاد: مكرّر","ADM1246","في أي عام عُرض مسلسل «درب الزلق» لأول مرة؟","١٩٧٧"
"E309","سينما ودراما","سهل","استبعاد: مكرّر","ADM1180","ما المسلسل الكويتي الشهير الذي أثرى بطلاه فجأة بعدما اشترت الحكومة بيتهما ثم أضاعا المال في مشاريع فاشلة؟","درب الزلق"
"ADM1398","الكويت","تعجيزي","استبعاد: مكرّر","H294","أيّ مخرجٍ كويتيّ قدّم فيلم «بس يا بحر»؟","خالد الصديق"
"E323","سينما ودراما","سهل","تغيير مستوى","متوسط","من أخرج فيلم «الرسالة» الذي يروي بدايات الدعوة الإسلامية؟","مصطفى العقاد"
"E325","سينما ودراما","سهل","تغيير مستوى","متوسط","من جسّد شخصية «الشيخ حسني» الضرير في فيلم الكيت كات؟","محمود عبدالعزيز"
"M572","سينما ودراما","متوسط","تغيير مستوى","سهل","من بطل فيلم «فورست غامب»؟","توم هانكس"
"M582","سينما ودراما","متوسط","تغيير مستوى","سهل","ما المسلسل الكوميدي الأمريكي الشهير عن ستة أصدقاء في نيويورك؟","فريندز"
"M584","سينما ودراما","متوسط","تغيير مستوى","سهل","ما الاسم الذي تُعرف به صناعة السينما الهندية؟","بوليوود"
"ADM1571","سينما ودراما","تعجيزي","تغيير مستوى","متوسط","من الممثّل المصريّ الملقّب بـ«الوحش»؟","فريد شوقي"
"ADM1572","سينما ودراما","تعجيزي","تغيير مستوى","صعب","في أيّ سنةٍ صدر أوّل جزءٍ من «حرب النجوم»؟","1977"
"ADM1574","سينما ودراما","تعجيزي","تغيير مستوى","صعب","موسيقى «حرب النجوم» ألّفها مؤلّفٌ أمريكيّ شهير — من هو؟","جون ويليامز"
"ADM1322","سينما ودراما","تعجيزي","تغيير مستوى","متوسط","الممثّل المصريّ الملقّب بـ«الفنّان الشامل» — من هو؟","صلاح ذو الفقار"
"E086","طب وصحة","سهل","استبعاد: تافه","","ما اسم المرض الناتج عن ارتفاع نسبة السكر في الدم؟","السكري"
"E088","طب وصحة","سهل","استبعاد: تافه","","ما اسم أكبر مفصل في جسم الإنسان؟","الركبة"
"E089","طب وصحة","سهل","استبعاد: تافه","","ما الجزء من الجسم الذي تُقاس منه النبضات عادةً؟","المعصم"
"E154","طب وصحة","سهل","استبعاد: تافه","","ما الحالة التي يفقد فيها الجسم كمية كبيرة من سوائله؟","الجفاف"
"E155","طب وصحة","سهل","استبعاد: تافه","","ما اسم المادة التي تُعطى للمريض ليفقد الإحساس بالألم قبل الجراحة؟","المخدّر"
"E156","طب وصحة","سهل","استبعاد: تافه","","ما نوع الغذاء الذي يبني العضلات ويكثر في اللحوم والبيض؟","البروتين"
"E188","طب وصحة","سهل","استبعاد: تافه","","ما فصائل الدم الأربع الرئيسية؟","A و B و AB و O"
"E189","طب وصحة","سهل","استبعاد: تافه","","ما اسم العظام التي تحمي القلب والرئتين؟","القفص الصدري"
"E195","طب وصحة","سهل","استبعاد: تافه","","ما اسم رد فعل الجسم المفرط تجاه الغبار أو حبوب اللقاح؟","الحساسية"
"E196","طب وصحة","سهل","استبعاد: تافه","","ما العضو الذي تُجرى له عملية القسطرة غالبًا؟","القلب"
"E197","طب وصحة","سهل","استبعاد: تافه","","ما اسم المرض الذي يفقد فيه كبار السن ذاكرتهم تدريجيًا؟","الزهايمر"
"E198","طب وصحة","سهل","استبعاد: تافه","","إلى أي جهاز ينتمي المخ والحبل الشوكي؟","الجهاز العصبي"
"E199","طب وصحة","سهل","استبعاد: تافه","","إلى أي جهاز ينتمي المريء؟","الجهاز الهضمي"
"E357","طب وصحة","سهل","استبعاد: تافه","","ما اسم الجزء الذي يغطّي أطراف الأصابع ويحميها؟","الظفر"
"E358","طب وصحة","سهل","استبعاد: تافه","","ما الشيء الذي يقيسه الطبيب برقمين ويُسمّى الانقباضي والانبساطي؟","ضغط الدم"
"E360","طب وصحة","سهل","استبعاد: تافه","","ما اسم المرض الذي يصيب الجهاز التنفسي وينتقل بالعطاس ويسبّب الرشح؟","الزكام"
"E433","طب وصحة","سهل","استبعاد: تافه","","ما اسم الحالة التي يفقد فيها الإنسان قدرته على السمع؟","الصمم"
"E435","طب وصحة","سهل","استبعاد: تافه","","ما اسم الغذاء الذي يمدّ الجسم بالطاقة السريعة؟","السكريات"
"E436","طب وصحة","سهل","استبعاد: تافه","","ما اسم الأثر الذي يبقى على الجلد بعد التئام الجرح؟","الندبة"
"E437","طب وصحة","سهل","استبعاد: تافه","","ما اسم المرض الذي يصيب الأسنان بسبب الحلويات وقلّة التنظيف؟","التسوّس"
"E438","طب وصحة","سهل","استبعاد: تافه","","ما اسم الجهاز الذي يصوّر العظام المكسورة؟","جهاز الأشعة السينية"
"M612","طب وصحة","متوسط","استبعاد: تافه","","ما اسم العظمة التي تحمي الدماغ؟","الجمجمة"
"M687","طب وصحة","متوسط","استبعاد: تافه","","ما اسم الحالة التي ترتفع فيها ضغوط الدم عن معدّلها؟","ارتفاع ضغط الدم"
"M691","طب وصحة","متوسط","استبعاد: تافه","","ما اسم العملية التي تُزرع فيها كلية من متبرّع؟","زراعة الكلى"
"M336","طب وصحة","متوسط","استبعاد: تافه","","ما الاسم الطبي لارتفاع حرارة الجسم عن معدلها الطبيعي؟","الحُمّى"
"ADM1465","طب وصحة","تعجيزي","استبعاد: مكرّر","M008","كم عظمةً في جسم الإنسان البالغ؟","206"
"ADM1466","طب وصحة","تعجيزي","استبعاد: مكرّر","M042","ما اسم كتاب ابن سينا الذي دُرّس في أوروبا قروناً؟","القانون في الطبّ"
"ADM1474","طب وصحة","تعجيزي","استبعاد: مكرّر","H015","كم عدد الفقرات في العمود الفقريّ للإنسان البالغ؟","ثلاث وثلاثون"
"M689","طب وصحة","متوسط","استبعاد: مكرّر","M113","ما اسم الفيتامين الذي يمنع الكساح؟","فيتامين د"
"ADM1471","طب وصحة","تعجيزي","استبعاد: مكرّر","H159","كم زوجاً من الكروموسومات في خليّة الإنسان؟","ثلاثة وعشرون"
"ADM1481","طب وصحة","تعجيزي","استبعاد: مكرّر","H012","من العالم الذي وضع أسس علم الوراثة بتجاربه على البازلاء؟","غريغور مندل"
"M688","طب وصحة","متوسط","استبعاد: مكرّر","M338","ما اسم الخلايا التي تنقل الإشارات في الدماغ؟","الخلايا العصبية"
"M323","طب وصحة","متوسط","استبعاد: مكرّر","E095","ما المرض الذي ينقله بعوض الأنوفيليس؟","الملاريا"
"E090","طب وصحة","سهل","تغيير مستوى","متوسط","ما اسم الجزء السائل من الدم الذي يشكّل أكثر من نصف حجمه؟","البلازما"
"E153","طب وصحة","سهل","تغيير مستوى","متوسط","ما اسم القشرة الخارجية للدماغ التي يجري فيها التفكير والإدراك؟","القشرة المخية"
"E192","طب وصحة","سهل","تغيير مستوى","متوسط","ما اسم العصارة التي ينتجها الكبد وتساعد على هضم الدهون؟","العصارة الصفراوية"
"E359","طب وصحة","سهل","تغيير مستوى","متوسط","ما اسم الطعم الخامس بعد الحلو والمالح والحامض والمرّ؟","الأومامي"
"M331","طب وصحة","متوسط","تغيير مستوى","سهل","من الطبيب اليوناني الملقّب بأبي الطب؟","أبقراط"
"ADM1478","طب وصحة","تعجيزي","تغيير مستوى","متوسط","بأيّ اسمٍ عُرف الوباء الذي اجتاح العالم سنة 1918؟","الإنفلونزا الإسبانية"
"ADM1480","طب وصحة","تعجيزي","تغيير مستوى","صعب","أيّ عالمٍ أثبت أنّ الجراثيم سبب المرض لا الهواء الفاسد؟","لويس باستور"
"E061","علوم واختراعات","سهل","استبعاد: تافه","","ما الغاز الذي يخرجه الإنسان مع الزفير؟","ثاني أكسيد الكربون"
"E062","علوم واختراعات","سهل","استبعاد: تافه","","ما اسم الأنبوب الذي ينقل الهواء من الحلق إلى الرئتين؟","القصبة الهوائية"
"E063","علوم واختراعات","سهل","استبعاد: تافه","","ما الفيتامين الذي يشتهر به البرتقال؟","فيتامين سي"
"E064","علوم واختراعات","سهل","استبعاد: تافه","","ما المعدن الأساسي لبناء العظام؟","الكالسيوم"
"E066","علوم واختراعات","سهل","استبعاد: تافه","","ما اسم الجهاز الذي يسمع به الطبيب دقات القلب؟","السماعة الطبية"
"E068","علوم واختراعات","سهل","استبعاد: تافه","","ما عدد حواس الإنسان؟","خمس حواس"
"E069","علوم واختراعات","سهل","استبعاد: تافه","","ما اسم الجزء من النبات الذي يمتص الماء من التربة؟","الجذور"
"E070","علوم واختراعات","سهل","استبعاد: تافه","","ما المصدر الرئيسي للطاقة على سطح الأرض؟","الشمس"
"E073","علوم واختراعات","سهل","استبعاد: تافه","","كم عدد حالات المادة الأساسية؟","ثلاث حالات"
"E075","علوم واختراعات","سهل","استبعاد: تافه","","ما الرمز الكيميائي للماء؟","H2O"
"E077","علوم واختراعات","سهل","استبعاد: تافه","","ما اسم الجهاز الذي يحدد الاتجاهات الجغرافية؟","البوصلة"
"E078","علوم واختراعات","سهل","استبعاد: تافه","","ما القوة التي تجذب الأجسام نحو سطح الأرض؟","الجاذبية"
"E079","علوم واختراعات","سهل","استبعاد: تافه","","ما أسرع شيء في الكون؟","الضوء"
"E081","علوم واختراعات","سهل","استبعاد: تافه","","كم عدد أيام السنة الكبيسة؟","366 يومًا"
"E083","علوم واختراعات","سهل","استبعاد: تافه","","من أي مادة يُصنع الورق؟","الخشب"
"E352","علوم واختراعات","سهل","استبعاد: تافه","","ما اسم الوقود الذي تسير به معظم السيارات؟","البنزين"
"E353","علوم واختراعات","سهل","استبعاد: تافه","","ما اسم الجهاز الذي يُستخدم لرؤية الأشياء الدقيقة جداً؟","المجهر"
"E354","علوم واختراعات","سهل","استبعاد: تافه","","ما اسم الجهاز الذي يقرّب الأجرام البعيدة في السماء؟","التلسكوب"
"E355","علوم واختراعات","سهل","استبعاد: تافه","","ما مصدر الطاقة الذي تولّده الألواح الموضوعة على الأسطح؟","الطاقة الشمسية"
"E425","علوم واختراعات","سهل","استبعاد: تافه","","ما اسم الغاز الذي تحتاجه النار لتشتعل؟","الأكسجين"
"E429","علوم واختراعات","سهل","استبعاد: تافه","","ما اسم العملية التي يتحول بها الجليد إلى ماء؟","الانصهار"
"E351","علوم واختراعات","سهل","استبعاد: تافه","","ما اسم القوة التي تجعل المغناطيس يجذب الحديد؟","المغناطيسية"
"M111","علوم واختراعات","متوسط","استبعاد: تافه","","ما اسم العملية التي يتحول فيها السائل إلى غاز؟","التبخر"
"M233","علوم واختراعات","متوسط","استبعاد: تافه","","ما اسم العملية التي يتحول فيها الغاز إلى سائل؟","التكثف"
"M398","علوم واختراعات","متوسط","استبعاد: تافه","","ما الجهاز الذي يحوّل الطاقة الكهربائية إلى حركة؟","المحرك الكهربائي"
"M402","علوم واختراعات","متوسط","استبعاد: تافه","","ما اسم العملية التي يُنزع بها الملح من ماء البحر ليصبح صالحًا للشرب؟","التحلية"
"M684","علوم واختراعات","متوسط","استبعاد: تافه","","ما اسم الظاهرة التي ترتدّ فيها موجة الصوت فتُسمع مرّةً أخرى؟","الصدى"
"E245","علوم واختراعات","سهل","استبعاد: تافه","","من مخترع الطائرة؟","الأخوان رايت"
"M137","علوم واختراعات","متوسط","استبعاد: تافه","","كم تبلغ سرعة الضوء تقريبًا بالكيلومتر في الثانية؟","300 ألف"
"ADM1447","علوم واختراعات","تعجيزي","استبعاد: مكرّر","H003","العنصر الذي رمزه W — ما اسمه؟","التنغستن"
"ADM1439","علوم واختراعات","تعجيزي","استبعاد: مكرّر","H169","ما اسم أوّل مسبارٍ غادر المجموعة الشمسيّة؟","فوياجر 1"
"ADM1438","علوم واختراعات","تعجيزي","استبعاد: مكرّر","H104","من العالم الذي اكتشف فصائل الدم؟","كارل لاندشتاينر"
"ADM1433","علوم واختراعات","تعجيزي","استبعاد: مكرّر","M312","ما اسم أوّل حاسوبٍ إلكترونيّ عامّ الغرض؟","إنياك"
"ADM1436","علوم واختراعات","تعجيزي","استبعاد: مكرّر","H132","ما اسم أوّل لغة برمجةٍ عالية المستوى؟","فورتران"
"ADM1435","علوم واختراعات","تعجيزي","استبعاد: مكرّر","H133","أيّ امرأةٍ تُعدّ كاتبةَ أوّل خوارزميّةٍ في التاريخ؟","آدا لافلايس"
"ADM1440","علوم واختراعات","تعجيزي","إبقاء: ليس مكرّراً — عُكس عند التنفيذ 2026-09-12","","كم عنصراً ضمّ جدول مندلييف حين نشره أوّل مرّة؟","ثلاثة وستّون"
"H002","علوم واختراعات","صعب","استبعاد: مكرّر","M607","من العالم الذي وضع الجدول الدوري للعناصر؟","مندلييف"
"M395","علوم واختراعات","متوسط","استبعاد: مكرّر","M029","من العالم الذي وضع قوانين الحركة الثلاثة؟","إسحاق نيوتن"
"ADM1443","علوم واختراعات","تعجيزي","استبعاد: مكرّر","M193","أيّ مركبةٍ أوصلت أوّل إنسانٍ إلى المدار؟","فوستوك 1"
"E072","علوم واختراعات","سهل","تغيير مستوى","متوسط","ما الجرم السماوي المسؤول عن ظاهرة المد والجزر؟","القمر"
"E080","علوم واختراعات","سهل","تغيير مستوى","متوسط","ما النجم الذي يُهتدى به إلى جهة الشمال؟","النجم القطبي"
"E252","علوم واختراعات","سهل","تغيير مستوى","متوسط","من العالم الذي طوّر المحرك البخاري وسُمّيت وحدة القدرة باسمه؟","جيمس واط"
"E432","علوم واختراعات","سهل","تغيير مستوى","متوسط","ما اسم العملية التي تتحول فيها المادة من صلبة إلى غازية مباشرة؟","التسامي"
"E430","علوم واختراعات","سهل","تغيير مستوى","متوسط","ما اسم الجهاز الذي يقيس ضغط الهواء الجوي؟","البارومتر"
"E249","علوم واختراعات","سهل","تغيير مستوى","متوسط","ما الغاز الخامل الذي تُملأ به لافتات الإعلان المضيئة فتتوهّج بالأحمر؟","النيون"
"M191","علوم واختراعات","متوسط","تغيير مستوى","سهل","من أول امرأة تحصل على جائزة نوبل؟","ماري كوري"
"M029","علوم واختراعات","متوسط","تغيير مستوى","سهل","من صاحب قانون الجاذبية؟","إسحاق نيوتن"
"M076","علوم واختراعات","متوسط","تغيير مستوى","سهل","ما أشهر نظرية وضعها ألبرت أينشتاين؟","النسبية"
"H080","علوم واختراعات","صعب","تغيير مستوى","متوسط","من العالم صاحب قاعدة الطفو الشهيرة؟","أرخميدس"
"H236","علوم واختراعات","صعب","تغيير مستوى","متوسط","ما الجسيم عديم الشحنة في نواة الذرة؟","النيوترون"
"ADM1441","علوم واختراعات","تعجيزي","تغيير مستوى","صعب","ماذا تقيس وحدة «التسلا»؟","المجال المغناطيسي"
"ADM1446","علوم واختراعات","تعجيزي","تغيير مستوى","صعب","كم سرعة الصوت في الماء تقريباً بالأمتار في الثانية؟","1500"
"ADM1575","من أنا؟","تعجيزي","استبعاد: مكرّر","H126","قائدٌ قرطاجيّ عبرتُ الألب بالفيلة لأغزو روما — من أنا؟","هانيبال"
"ADM1576","من أنا؟","تعجيزي","استبعاد: مكرّر","H176","سلطانٌ مملوكيّ هزمتُ المغول في عين جالوت — من أنا؟","قطز"
"ADM1578","من أنا؟","تعجيزي","استبعاد: مكرّر","E344","ملكةٌ مصريّة حكمتُ بلحيةٍ مستعارة — من أنا؟","حتشبسوت"
"ADM1580","من أنا؟","تعجيزي","استبعاد: مكرّر","ADM1543","كاتبٌ إنجليزيّ كتبتُ سبعاً وثلاثين مسرحيّة — من أنا؟","شكسبير"
"ADM1582","من أنا؟","تعجيزي","استبعاد: مكرّر","H047","خليفةٌ أمويّ عرّبتُ الدواوين وضربتُ النقود — من أنا؟","عبدالملك بن مروان"
"ADM1583","من أنا؟","تعجيزي","استبعاد: مكرّر","H012","عالمٌ نمساويّ زرعتُ البازلاء فاكتشفتُ قوانين الوراثة — من أنا؟","مندل"
"ADM1584","من أنا؟","تعجيزي","استبعاد: مكرّر","M172","قائدٌ أمويّ فتحتُ الأندلس وأحرقتُ السفن — من أنا؟","طارق بن زياد"
"ADM1586","من أنا؟","تعجيزي","استبعاد: مكرّر","M327","طبيبٌ إنجليزيّ اكتشفتُ الدورة الدمويّة الكبرى — من أنا؟","ويليام هارفي"
"ADM1587","من أنا؟","تعجيزي","استبعاد: مكرّر","H050","عالمٌ مسلم وضعتُ أسس علم البصريّات في «المناظر» — من أنا؟","ابن الهيثم"
"ADM1589","من أنا؟","تعجيزي","استبعاد: مكرّر","H048","طبيبٌ فارسيّ ألّفتُ «الحاوي» وميّزتُ الجدري من الحصبة — من أنا؟","الرازي"
"ADM1592","من أنا؟","تعجيزي","استبعاد: مكرّر","M315","عالمٌ ألمانيّ اكتشفتُ الأشعّة السينيّة ونلتُ أوّل نوبل في الفيزياء — من أنا؟","رونتغن"
"ADM1591","من أنا؟","تعجيزي","استبعاد: مكرّر","M310","شاعرةٌ عربيّة رثيتُ أخي صخراً حتى بكى الناس — من أنا؟","الخنساء"
"ADM1577","من أنا؟","تعجيزي","تغيير مستوى","متوسط","رسّامٌ هولنديّ قطعتُ أذني ورسمتُ عبّاد الشمس — من أنا؟","فان غوخ"
"ADM1579","من أنا؟","تعجيزي","تغيير مستوى","متوسط","إمبراطورٌ فرنسيّ نُفيت إلى جزيرةٍ في الأطلسيّ ومتّ فيها — من أنا؟","نابليون"
"ADM1581","من أنا؟","تعجيزي","تغيير مستوى","متوسط","بحّارٌ برتغاليّ بدأتُ أوّل رحلةٍ حول العالم ولم أكملها — من أنا؟","ماجلان"
"ADM1585","من أنا؟","تعجيزي","تغيير مستوى","متوسط","مخترعٌ إيطاليّ أرسلتُ أوّل إشارةٍ لاسلكيّة عبر الأطلسيّ — من أنا؟","ماركوني"
"ADM1588","من أنا؟","تعجيزي","تغيير مستوى","متوسط","موسيقيٌّ ألمانيّ ألّفتُ أعظم أعمالي بعد أن فقدتُ سمعي — من أنا؟","بيتهوفن"
"ADM1590","من أنا؟","تعجيزي","تغيير مستوى","متوسط","ملّاحٌ عربيّ أرشدتُ فاسكو دا غاما إلى الهند — من أنا؟","ابن ماجد"
"ADM1593","من أنا؟","تعجيزي","تغيير مستوى","متوسط","عالمٌ أندلسيّ حاولتُ الطيران بجناحين من الريش — من أنا؟","عبّاس بن فرناس"
"ADM1594","من أنا؟","تعجيزي","تغيير مستوى","متوسط","مهندسٌ مسلم صنعتُ آلاتٍ ذاتيّة الحركة ووصفتُها في كتاب الحيل — من أنا؟","الجزري"
"ADM0053","أكلات","سهل","استبعاد: تافه","","ما الطبق الدمشقي الذي يجمع طبقات من فتات الخبز والحمص واللبن؟","فتة الحمص"
"ADM0188","أكلات","متوسط","استبعاد: تافه","","ما الفلفل الذي يمنح أطباق سيتشوان إحساس التنميل؟","فلفل سيتشوان"
"ADM0195","أكلات","متوسط","استبعاد: تافه","","ما صلصة الفول السوداني التي ترافق أسياخ الساتاي غالباً؟","صلصة الفول السوداني"
"ADM0231","أكلات","صعب","استبعاد: تافه","","في أيّ الطبقين يغلب الأرز ويبقى العدس ظاهراً: المجدرة أم المدردرة؟","المدردرة"
"ADM0232","أكلات","صعب","استبعاد: تافه","","أي مدينة فلسطينية ارتبط اسمها بأصل الكنافة النابلسية؟","نابلس"
"ADM0237","أكلات","صعب","استبعاد: تافه","","ما اسم الحلوى المصرية الباردة المصنوعة من الأرز المطهو باللبن والسكر؟","الأرز باللبن"
"ADM0269","أكلات","صعب","استبعاد: تافه","","ما اسم الشوربة التركية المصنوعة من العدس الأحمر وتُقدّم مع الليمون؟","شوربة العدس"
"E426","علوم واختراعات","سهل","استبعاد: تافه","","ما اسم أقوى مادة يُصنع منها القاطع الماسي؟","الماس"
"ADM0646","سيارات","متوسط","استبعاد: تافه","","أي سيارة دفع رباعي من تويوتا تأتي أصغر من لاندكروزر وتعرف باسم برادو؟","لاندكروزر برادو"
"ADM0661","سيارات","متوسط","استبعاد: تافه","","أي سيارة نيسان كانت تسمى في اليابان فيرليدي Z؟","نيسان Z"
"ADM0711","سيارات","صعب","استبعاد: تافه","","ما اسم سباق التحمّل البلجيكيّ الذي يمتدّ أربعاً وعشرين ساعة؟","24 ساعة سبا"
"ADM0636","سيارات","متوسط","استبعاد: تافه","","أي طراز صغير من فيات أعيد إحياؤه بتصميم حديث عام 2007؟","فيات 500"
"E032","تاريخ وحضارات","سهل","استبعاد: مكرّر","ADM2114","ما اسم الفرعون الذي اكتُشفت مقبرته كاملة؟","توت عنخ آمون"
"E410","تاريخ وحضارات","سهل","استبعاد: مكرّر","ADM2128","ما اسم الحدائق التي عُدّت من عجائب الدنيا القديمة وكانت في العراق؟","الحدائق المعلّقة"
"M422","تاريخ وحضارات","متوسط","استبعاد: مكرّر","ADM2131","من القائد المقدوني الذي وصلت فتوحاته إلى الهند؟","الإسكندر الأكبر"
"ADM1867","دوري أبطال أوروبا","تعجيزي","استبعاد: مكرّر","ADM1820","من المدرّب الأكثر تتويجاً بالبطولة برصيد خمسة ألقاب؟","كارلو أنشيلوتي"