التصنيف,المستوى,السؤال,الإجابة,الصورة
لوكيشن,سهل,ما هذا المكان؟,العاصمة مول,pic-loc-assima
لوكيشن,سهل,ما هذا المكان؟,صالة التزلّج على الجليد,pic-loc-icerink
لوكيشن,سهل,ما هذا المكان؟,جزيرة فيلكا,pic-loc-failaka
لوكيشن,سهل,ما هذا المكان؟,إيكيا,pic-loc-ikea
لوكيشن,سهل,ما هذا المكان؟,البوليفارد في السالمية,pic-loc-boulevard
لوكيشن,متوسط,ما هذا المكان؟,رأس الأرض (السالمية),pic-loc-rasalard
لوكيشن,متوسط,ما هذا المكان؟,مستشفى السيف,pic-loc-seifhospital
لوكيشن,متوسط,ما هذا المكان؟,مستشفى طيبة,pic-loc-taibahospital
لوكيشن,متوسط,ما هذا المكان؟,مستشفى المواساة الجديد,pic-loc-mowasat
لوكيشن,متوسط,ما هذا المكان؟,مستشفى دار الشفاء,pic-loc-darshifa
لوكيشن,متوسط,ما هذا المكان؟,مستشفى رويال حياة,pic-loc-royalehayat
لوكيشن,متوسط,ما هذا المكان؟,مبنى بلدية الكويت,pic-loc-municipality
لوكيشن,متوسط,ما هذا المكان؟,فندق جي دبليو ماريوت,pic-loc-jwmarriott
لوكيشن,متوسط,ما هذا المكان؟,مروج,pic-loc-murouj
لوكيشن,متوسط,ما هذا المكان؟,جمعية الشامية والشويخ التعاونية,pic-loc-shamiyacoop
لوكيشن,متوسط,ما هذا المكان؟,جمعية الرميثية التعاونية,pic-loc-rumaithiyacoop
لوكيشن,متوسط,ما هذا المكان؟,جمعية الجابرية التعاونية,pic-loc-jabriyacoop
لوكيشن,متوسط,ما هذا المكان؟,جمعية الروضة وحولي التعاونية,pic-loc-rawdacoop
لوكيشن,صعب,ما هذا المكان؟,فندق والدورف أستوريا,pic-loc-waldorf
لوكيشن,صعب,ما هذا المكان؟,مجمّع أولمبيا,pic-loc-olympia
لوكيشن,صعب,ما هذا المكان؟,سوق الحريم,pic-loc-souqharim
لوكيشن,صعب,ما هذا المكان؟,متحف بيت العثمان,pic-loc-baitothman
لوكيشن,صعب,ما هذا المكان؟,جامعة الشرق الأوسط الأمريكية,pic-loc-aum
لوكيشن,صعب,ما هذا المكان؟,فندق ميلينيوم,pic-loc-millennium
لوكيشن,صعب,ما هذا المكان؟,فندق كوستا ديل سول,pic-loc-costadelsol
لوكيشن,صعب,ما هذا المكان؟,مجمّع دسمان,pic-loc-dasmancomplex
لوكيشن,صعب,ما هذا المكان؟,مكتبة البابطين المركزية للشعر العربي,pic-loc-babtain
لوكيشن,صعب,ما هذا المكان؟,بيت الكويت للأعمال الوطنية,pic-loc-nationalworks
لوكيشن,صعب,ما هذا المكان؟,بنك الدم المركزي,pic-loc-bloodbank
لوكيشن,صعب,ما هذا المكان؟,جمعية السرّة التعاونية,pic-loc-surracoop
لوكيشن,صعب,ما هذا المكان؟,جمعية الخالدية التعاونية,pic-loc-khaldiyacoop
لوكيشن,تعجيزي,ما هذا المكان؟,فندق هوليداي إن السالمية,pic-loc-holidayinn
لوكيشن,تعجيزي,ما هذا المكان؟,متحف طارق رجب,pic-loc-tareqrajab
لوكيشن,تعجيزي,ما هذا المكان؟,المدرسة المباركية,pic-loc-mubarakiyaschool
لوكيشن,تعجيزي,ما هذا المكان؟,مركز صباح الأحمد للموهبة والإبداع,pic-loc-giftedness
لوكيشن,تعجيزي,ما هذا المكان؟,كلية الكويت للعلوم والتكنولوجيا,pic-loc-kcst
لوكيشن,تعجيزي,ما هذا المكان؟,مستشفى الأحمدي,pic-loc-ahmadihospital
لوكيشن,تعجيزي,ما هذا المكان؟,ذا ويرهاوس مول,pic-loc-warehouse
لوكيشن,تعجيزي,ما هذا المكان؟,سينما بلازا,pic-loc-plazacinema
لوكيشن,تعجيزي,ما هذا المكان؟,نادي الكويت الدولي للغولف,pic-loc-kuwaitgolf
لوكيشن,تعجيزي,ما هذا المكان؟,نادي الفحيحيل البحري,pic-loc-fahaheelsea
لوكيشن,تعجيزي,ما هذا المكان؟,سما مول,pic-loc-samamall
لوكيشن,تعجيزي,ما هذا المكان؟,سوق المسيل,pic-loc-maseel
لوكيشن,تعجيزي,ما هذا المكان؟,بيت القرين (متحف شهداء القرين),pic-loc-qurainhouse
لوكيشن,تعجيزي,ما هذا المكان؟,الليوان مول,pic-loc-liwan
