index,name,status,filename,matchedTitle,wikidataId,license,licenseUrl,descriptionUrl
"1","سلمان بن عبد العزيز آل سعود","ok","celeb-001-q367825.jpg","سلمان بن عبد العزيز آل سعود","Q367825","CC BY-SA 4.0","https://creativecommons.org/licenses/by-sa/4.0","https://commons.wikimedia.org/wiki/File:%D8%A7%D9%84%D8%B5%D9%88%D8%B1%D8%A9_%D8%A7%D9%84%D8%B1%D8%B3%D9%85%D9%8A%D8%A9_%D9%84%D8%AE%D8%A7%D8%AF%D9%85_%D8%A7%D9%84%D8%AD%D8%B1%D9%85%D9%8A%D9%86_%D8%A7%D9%84%D8%B4%D8%B1%D9%8A%D9%81%D9%8A%D9%86_%D8%A7%D9%84%D9%85%D9%84%D9%83_%D8%B3%D9%84%D9%85%D8%A7%D9%86_%D8%A8%D9%86_%D8%B9%D8%A8%D8%AF%D8%A7%D9%84%D8%B9%D8%B2%D9%8A%D8%B2_%D8%A2%D9%84_%D8%B3%D8%B9%D9%88%D8%AF.jpg"
"2","محمد بن سلمان آل سعود","ok","celeb-002-q6892571.jpg","محمد بن سلمان آل سعود","Q6892571","CC BY-SA 4.0","https://creativecommons.org/licenses/by-sa/4.0","https://commons.wikimedia.org/wiki/File:%D8%A7%D9%84%D8%B5%D9%88%D8%B1%D8%A9_%D8%A7%D9%84%D8%B1%D8%B3%D9%85%D9%8A%D8%A9_%D9%84%D9%84%D8%A3%D9%85%D9%8A%D8%B1_%D9%85%D8%AD%D9%85%D8%AF_%D8%A8%D9%86_%D8%B3%D9%84%D9%85%D8%A7%D9%86_%D8%A8%D9%86_%D8%B9%D8%A8%D8%AF%D8%A7%D9%84%D8%B9%D8%B2%D9%8A%D8%B2_%D8%A2%D9%84_%D8%B3%D8%B9%D9%88%D8%AF_(%D9%85%D9%82%D8%B5%D9%88%D8%B5%D8%A9).jpg"
"3","محمد بن زايد آل نهيان","ok","celeb-003-q1951896.jpg","محمد بن زايد آل نهيان","Q1951896","CC BY 4.0","https://creativecommons.org/licenses/by/4.0","https://commons.wikimedia.org/wiki/File:Mohamed_bin_Zayed_Al_Nahyan_-_2024_(cropped).jpg"
"4","محمد بن راشد آل مكتوم","ok","celeb-004-q57655.jpg","محمد بن راشد آل مكتوم","Q57655","CC BY 4.0","https://creativecommons.org/licenses/by/4.0","https://commons.wikimedia.org/wiki/File:Mohammed_bin_Rashid_Al_Maktoum_(15-02-2021).jpg"
"5","عبد الله الثاني بن الحسين","ok","celeb-005-q57464.jpg","عبد الله الثاني بن الحسين","Q57464","Public domain","","https://commons.wikimedia.org/wiki/File:King_Abdullah_II_of_Jordan-2025_(cropped).jpg"
"6","حمد بن عيسى آل خليفة","ok","celeb-006-q57352.jpg","حمد بن عيسى بن سلمان آل خليفة","Q57352","Attribution","","https://commons.wikimedia.org/wiki/File:Hamad_bin_Isa_Al_Khalifah_on_September_12,_2024_(cropped).jpg"
"7","تميم بن حمد آل ثاني","ok","celeb-007-q1855372.jpg","تميم بن حمد آل ثاني","Q1855372","CC BY 4.0","https://creativecommons.org/licenses/by/4.0","https://commons.wikimedia.org/wiki/File:Emir_of_Qatar_on_February_19,_2025_(cropped).jpg"
"8","مشعل الأحمد الجابر الصباح","ok","celeb-008-q12243161.jpg","مشعل الأحمد الجابر الصباح","Q12243161","GODL-India","https://data.gov.in/sites/default/files/Gazette_Notification_OGDL.pdf","https://commons.wikimedia.org/wiki/File:Emir_of_Kuwait_Sheikh_Mishal_Al-Ahmad_Al-Jaber_Al-Sabah.jpg"
"9","هيثم بن طارق","ok","celeb-009-q12250314.jpg","هيثم بن طارق","Q12250314","OGL-om 1.0","https://www.oman.om/en/home-footer-level/faq/open-government-licence-oman","https://commons.wikimedia.org/wiki/File:Official_portrait_of_Sultan_Haitham_bin_Tariq_(2021).jpg"
"10","محمد السادس","ok","celeb-010-q57553.jpg","محمد السادس بن الحسن","Q57553","Attribution","","https://commons.wikimedia.org/wiki/File:Pedro_S%C3%A1nchez_se_re%C3%BAne_con_el_rey_de_Marruecos,_Mohamed_VI_(1)_(cropped).jpg"
"11","عبد الفتاح السيسي","ok","celeb-011-q307871.jpg","عبد الفتاح السيسي","Q307871","CC BY 2.0","https://creativecommons.org/licenses/by/2.0","https://commons.wikimedia.org/wiki/File:Abdel_Fattah_el-Sisi_(2)_-_2023.jpg"
"12","رجب طيب أردوغان","ok","celeb-012-q39259.jpg","رجب طيب أردوغان","Q39259","CC BY 4.0","https://creativecommons.org/licenses/by/4.0","https://commons.wikimedia.org/wiki/File:Recep_Tayyip_Erdo%C4%9Fan_2018_(cropped).jpg"
"13","جو بايدن","ok","celeb-013-q6279.jpg","جو بايدن","Q6279","Public domain","","https://commons.wikimedia.org/wiki/File:Joe_Biden_presidential_portrait.jpg"
"14","دونالد ترامب","ok","celeb-014-q22686.jpg","دونالد ترمب","Q22686","Public domain","","https://commons.wikimedia.org/wiki/File:Official_Presidential_Portrait_of_President_Donald_J._Trump_(2025).jpg"
"15","شي جين بينغ","ok","celeb-015-q15031.jpg","شي جين بينغ","Q15031","Public domain","","https://commons.wikimedia.org/wiki/File:Xi_Jinping_in_Beijing_on_May_13,_2025_(cropped).jpg"
"16","فلاديمير بوتين","ok","celeb-016-q7747.jpg","فلاديمير بوتين","Q7747","CC BY 4.0","https://creativecommons.org/licenses/by/4.0","https://commons.wikimedia.org/wiki/File:%D0%92%D0%BB%D0%B0%D0%B4%D0%B8%D0%BC%D0%B8%D1%80_%D0%9F%D1%83%D1%82%D0%B8%D0%BD_(08-03-2024)_(cropped)_(higher_res).jpg"
"17","إيمانويل ماكرون","ok","celeb-017-q3052772.jpg","إيمانويل ماكرون","Q3052772","Public domain","","https://commons.wikimedia.org/wiki/File:Emmanuel_Macron_2025_(cropped).jpg"
"18","أولاف شولتس","ok","celeb-018-q61053.jpg","أولاف شولتس","Q61053","CC BY-SA 4.0","https://creativecommons.org/licenses/by-sa/4.0","https://commons.wikimedia.org/wiki/File:Olaf_Scholz_2021_cropped.jpg"
"19","ريشي سوناك","ok","celeb-019-q20055561.jpg","ريشي سوناك","Q20055561","OGL 3","http://www.nationalarchives.gov.uk/doc/open-government-licence/version/3","https://commons.wikimedia.org/wiki/File:Rishi_Sunak%27s_first_speech_as_Prime_Minister_(crop).jpg"
"20","كير ستارمر","ok","celeb-020-q6383803.jpg","كير ستارمر","Q6383803","OGL 3","http://www.nationalarchives.gov.uk/doc/open-government-licence/version/3","https://commons.wikimedia.org/wiki/File:Prime_Minister_Sir_Keir_Starmer_Official_Portrait_(cropped).jpg"
"21","ناريندرا مودي","ok","celeb-021-q1058.jpg","ناريندرا مودي","Q1058","GODL-India","https://data.gov.in/sites/default/files/Gazette_Notification_OGDL.pdf","https://commons.wikimedia.org/wiki/File:Prime_Minister_Of_Bharat_Shri_Narendra_Damodardas_Modi.jpg"
"22","جاستن ترودو","ok","celeb-022-q3099714.jpg","جاستن ترودو","Q3099714","CC BY 2.0","https://creativecommons.org/licenses/by/2.0","https://commons.wikimedia.org/wiki/File:Justin_Trudeau_at_Eurasia_Group_2023_US-Canada_Summit_(52807415495)_(cropped)_(cropped).jpg"
"23","جيورجيا ميلوني","ok","celeb-023-q451791.jpg","جورجا ملوني","Q451791","CC BY 3.0","https://creativecommons.org/licenses/by/3.0","https://commons.wikimedia.org/wiki/File:Giorgia_Meloni_video_message_to_the_2022_NIAF_Gala.jpg"
"24","أنطونيو غوتيريش","ok","celeb-024-q311440.jpg","أنطونيو غوتيريش","Q311440","Public domain","","https://commons.wikimedia.org/wiki/File:Ant%C3%B3nio_Guterres_United_Nations_Secretary-General_in_2024_(cropped).jpg"
"25","أورسولا فون دير لاين","ok","celeb-025-q60772.jpg","أورسولا فون دير لاين","Q60772","CC BY 2.0","https://creativecommons.org/licenses/by/2.0","https://commons.wikimedia.org/wiki/File:Ursula_von_der_Leyen_2024.jpg"
"26","أحمد أبو الغيط","ok","celeb-026-q58108.jpg","أحمد أبو الغيط","Q58108","Public domain","","https://commons.wikimedia.org/wiki/File:Arab_League_Secretary-General_Ahmed_Aboul_Gheit_in_July_2023_-_53057455593_(cropped).jpg"
"27","أنور إبراهيم","ok","celeb-027-q299574.jpg","أنور إبراهيم","Q299574","CC BY-SA 4.0","https://creativecommons.org/licenses/by-sa/4.0","https://commons.wikimedia.org/wiki/File:2025_Anwar_Ibrahim_(cropped).jpg"
"28","لولا دا سيلفا","ok","celeb-028-q37181.jpg","لويس إيناسيو لولا دا سيلفا","Q37181","CC BY 2.0","https://creativecommons.org/licenses/by/2.0","https://commons.wikimedia.org/wiki/File:2022_-_Conven%C3%A7%C3%A3o_Nacional_do_PSB_-_Lula_(cropped).jpg"
"29","شيخ حسينة","ok","celeb-029-q52183.jpg","شيخة حسينة","Q52183","GODL-India","https://data.gov.in/sites/default/files/Gazette_Notification_OGDL.pdf","https://commons.wikimedia.org/wiki/File:Sheikh_Hasina_in_Sep_2023.jpg"
"30","برابوو سوبيانتو","ok","celeb-030-q2107268.jpg","برابوو سوبيانتو","Q2107268","Public domain","","https://commons.wikimedia.org/wiki/File:Prabowo_Subianto_2024_official_portrait.jpg"
"31","يون سوك يول","ok","celeb-031-q16090635.jpg","يون سوك يول","Q16090635","CC BY-SA 3.0","https://creativecommons.org/licenses/by-sa/3.0","https://commons.wikimedia.org/wiki/File:South_Korea_President_Yoon_Suk_Yeol_portrait.jpg"
"32","شيغيرو إيشيبا","ok","celeb-032-q1335527.jpg","شيغيرو إيشيبا","Q1335527","CC BY 4.0","https://creativecommons.org/licenses/by/4.0","https://commons.wikimedia.org/wiki/File:Ishiba_Shigeru_20241001_(cropped).jpg"
"33","أنتوني بلينكن","ok","celeb-033-q7821917.jpg","أنتوني بلينكن","Q7821917","Public domain","","https://commons.wikimedia.org/wiki/File:Secretary_Blinken%27s_Official_Department_Photo.jpg"
"34","جيك سوليفان","ok","celeb-034-q16730147.jpg","جيك سوليفان","Q16730147","Public domain","","https://commons.wikimedia.org/wiki/File:Jake-Sullivan-WH.png"
"35","سيرجي لافروف","ok","celeb-035-q58217.jpg","سيرجي لافروف","Q58217","CC BY 4.0","https://creativecommons.org/licenses/by/4.0","https://commons.wikimedia.org/wiki/File:%D0%A1%D0%B5%D1%80%D0%B3%D0%B5%D0%B9_%D0%9B%D0%B0%D0%B2%D1%80%D0%BE%D0%B2_(29-05-2025)_(cropped).jpg"
"36","وانغ يي","ok","celeb-036-q701801.jpg","وانغ يي","Q701801","Public domain","","https://commons.wikimedia.org/wiki/File:Jake_Sullivan_and_Wang_Yi_met_in_Bangkok_(2024)_(cropped).jpg"
"37","أيمن الصفدي","ok","celeb-037-q28336737.jpg","أيمن الصفدي","Q28336737","Public domain","","https://commons.wikimedia.org/wiki/File:Ayman_Safadi_portrait_cropped.jpeg"
"38","سامح شكري","ok","celeb-038-q7409268.jpg","سامح شكري","Q7409268","CC BY-SA 3.0 pl","https://creativecommons.org/licenses/by-sa/3.0/pl/deed.en","https://commons.wikimedia.org/wiki/File:Sameh_Shoukry_Senate_of_Poland_2015.JPG"
"39","بدر البوسعيدي","ok","celeb-039-q98456849.jpg","بدر البوسعيدي","Q98456849","CC BY 4.0","https://creativecommons.org/licenses/by/4.0","https://commons.wikimedia.org/wiki/File:2026_Badr_bin_Hamad_Al_Busaidi_(cropped).jpg"
"40","محمد بن عبد الرحمن آل ثاني","ok","celeb-040-q23020336.jpg","محمد بن عبد الرحمن آل ثاني","Q23020336","CC BY 2.0","https://creativecommons.org/licenses/by/2.0","https://commons.wikimedia.org/wiki/File:H.E._Sheikh_Mohammed_bin_Abdulrahman_bin_Jassim_Al-Thani,_Minister_of_Foreign_Affairs,_State_of_Qatar_(35035675644).jpg"
"41","فيصل بن فرحان آل سعود","ok","celeb-041-q72099398.jpg","فيصل بن فرحان آل سعود","Q72099398","CC BY 4.0","https://creativecommons.org/licenses/by/4.0","https://commons.wikimedia.org/wiki/File:Fumio_Kishida_and_Faisal_bin_Farhan_Al_Saud_20220719_(2)_(cropped).jpg"
"42","عبد الله بن زايد آل نهيان","ok","celeb-042-q58301.jpg","عبد الله بن زايد آل نهيان","Q58301","CC BY 2.0","https://creativecommons.org/licenses/by/2.0","https://commons.wikimedia.org/wiki/File:Abdullah_bin_Zayed_Al_Nahyan_in_London_-_2018_(29653209427)_(cropped).jpg"
"43","صادق خان","ok","celeb-043-q334155.jpg","صادق خان","Q334155","CC BY 4.0","https://creativecommons.org/licenses/by/4.0","https://commons.wikimedia.org/wiki/File:Sadiq_Khan_2025.jpg"
"44","نادية مراد","ok","celeb-044-q22007112.jpg","نادية مراد","Q22007112","CC BY 2.0","https://creativecommons.org/licenses/by/2.0","https://commons.wikimedia.org/wiki/File:Nadia_Murad_2023_(close-up).jpg"
"45","ملالا يوسفزي","ok","celeb-045-q32732.jpg","ملالا يوسفزي","Q32732","CC BY 2.0","https://creativecommons.org/licenses/by/2.0","https://commons.wikimedia.org/wiki/File:Malala_Yousafzai_2015.jpg"
"46","غريتا ثونبرغ","ok","celeb-046-q56434717.jpg","غريتا تونبرج","Q56434717","CC BY-SA 4.0","https://creativecommons.org/licenses/by-sa/4.0","https://commons.wikimedia.org/wiki/File:Greta_Thunberg_in_November_in_Stockholm_(cropped)(2).jpg"
"47","إلهام علييف","ok","celeb-047-q57371.jpg","إلهام علييف","Q57371","CC BY 4.0","https://creativecommons.org/licenses/by/4.0","https://commons.wikimedia.org/wiki/File:Ilham_Aliyev,_December_2025_(cropped).jpg"
"48","شوكت ميرضيايف","ok","celeb-048-q57808.jpg","شوكت ميرضيايف","Q57808","CC BY-SA 4.0","https://creativecommons.org/licenses/by-sa/4.0","https://commons.wikimedia.org/wiki/File:Shavkat_Mirziyoyev_official_portrait_(cropped_2).jpg"
"49","بول كاغامي","ok","celeb-049-q1231345.jpg","بول كاغامه","Q1231345","CC BY-SA 4.0","https://creativecommons.org/licenses/by-sa/4.0","https://commons.wikimedia.org/wiki/File:Paul_Kagame_2014.jpg"
"50","سيريل رامافوزا","ok","celeb-050-q1148669.jpg","سيريل رامافوزا","Q1148669","CC BY 4.0","https://creativecommons.org/licenses/by/4.0","https://commons.wikimedia.org/wiki/File:21.11.2025_%E2%80%93_Presidente_da_Rep%C3%BAblica_da_%C3%81frica_do_Sul,_Cyril_Ramaphosa_(54938010569)_(cropped).jpg"
"51","إيلون ماسك","ok","celeb-051-q317521.jpg","إيلون ماسك","Q317521","CC BY-SA 4.0","https://creativecommons.org/licenses/by-sa/4.0","https://commons.wikimedia.org/wiki/File:Elon_Musk_(54816836217)_(cropped_2)_(b).jpg"
"52","جيف بيزوس","ok","celeb-052-q312556.jpg","جيف بيزوس","Q312556","CC BY 2.0","https://creativecommons.org/licenses/by/2.0","https://commons.wikimedia.org/wiki/File:Jeff_Bezos_at_Amazon_Spheres_Grand_Opening_in_Seattle_-_2018_(39074799225)_(cropped).jpg"
"53","بيل غيتس","ok","celeb-053-q5284.jpg","بيل غيتس","Q5284","CC BY 4.0","https://creativecommons.org/licenses/by/4.0","https://commons.wikimedia.org/wiki/File:Bill_Gates_at_the_European_Commission_-_2025_-_P067383-987995_(cropped).jpg"
"54","مارك زوكربيرغ","ok","celeb-054-q36215.jpg","مارك زوكربيرغ","Q36215","CC BY 2.0","https://creativecommons.org/licenses/by/2.0","https://commons.wikimedia.org/wiki/File:Mark_Zuckerberg_F8_2019_Keynote_(32830578717)_(cropped).jpg"
"55","ساتيا ناديلا","ok","celeb-055-q7426870.jpg","ساتيا نادالا","Q7426870","CC BY-SA 4.0","https://creativecommons.org/licenses/by-sa/4.0","https://commons.wikimedia.org/wiki/File:MS-Exec-Nadella-Satya-2017-08-31-22_(cropped).jpg"
"56","سوندار بيتشاي","ok","celeb-056-q3503829.jpg","ساندر بيتشاي","Q3503829","CC BY 4.0","https://creativecommons.org/licenses/by/4.0","https://commons.wikimedia.org/wiki/File:Sundar_Pichai_-_2023_(cropped).jpg"
"57","سام ألتمان","ok","celeb-057-q7407093.jpg","سام ألتمان","Q7407093","CC BY 2.0","https://creativecommons.org/licenses/by/2.0","https://commons.wikimedia.org/wiki/File:Sam_Altman_speaking_at_TED_(cropped).jpg"
"58","تيم كوك","ok","celeb-058-q265852.jpg","تيم كوك","Q265852","CC BY 4.0","https://creativecommons.org/licenses/by/4.0","https://commons.wikimedia.org/wiki/File:Tim_Cook_March_2026_(cropped).jpg"
"59","جنسن هوانغ","ok","celeb-059-q305177.jpg","جين-سون هوانغ","Q305177","CC BY-SA 3.0","http://creativecommons.org/licenses/by-sa/3.0/","https://commons.wikimedia.org/wiki/File:NVidiaMobileMediaPress_JensenHuang.jpg"
"60","آرال باليوس","needs-review","","","","","",""
"61","ديميس هاسابيس","ok","celeb-061-q3022141.jpg","Demis Hassabis","Q3022141","CC BY-SA 4.0","https://creativecommons.org/licenses/by-sa/4.0","https://commons.wikimedia.org/wiki/File:Demis_Hassabis,_2024_Nobel_Prize_Laureate_in_Chemistry_7_(cropped).jpg"
"62","لاري بايج","ok","celeb-062-q4934.jpg","لاري بايج","Q4934","CC BY-SA 4.0","https://creativecommons.org/licenses/by-sa/4.0","https://commons.wikimedia.org/wiki/File:Larry_Page_in_the_European_Parliament,_17.06.2009.jpg"
"63","سيرجي برين","ok","celeb-063-q92764.jpg","سيرجي برين","Q92764","CC BY 2.0","https://creativecommons.org/licenses/by/2.0","https://commons.wikimedia.org/wiki/File:Sergey_Brin_Ted_2010_(cropped).jpg"
"64","جاك ما","ok","celeb-064-q1137062.jpg","جاك ما","Q1137062","CC BY 2.0","https://creativecommons.org/licenses/by/2.0","https://commons.wikimedia.org/wiki/File:Enabling_eCommerce-_Small_Enterprises,_Global_Players_(39008130265)_(cropped).jpg"
"65","ما هواتينغ (بوني ما)","ok","celeb-065-q1739008.jpg","Pony Ma","Q1739008","CC BY 3.0","https://creativecommons.org/licenses/by/3.0","https://commons.wikimedia.org/wiki/File:%E9%A9%AC%E5%8C%96%E8%85%BE_Pony_Ma_2019.jpg"
"66","زانغ ييمينغ","needs-review","","","","","",""
"67","بات غيرسينغر","needs-review","","","","","",""
"68","ليزا سو","ok","celeb-068-q18207172.jpg","ليزا سو","Q18207172","CC BY 4.0","https://creativecommons.org/licenses/by/4.0","https://commons.wikimedia.org/wiki/File:SXSW-2024-alih-OB7A0861-Lisa_Su.jpg"
"69","لي بينغ","needs-review","","","","","",""
"70","شياو جون","ok","celeb-070-q9000717.jpg","Lei Jun","Q9000717","Attribution","","https://commons.wikimedia.org/wiki/File:Lei_Jun_(2026)_01.jpg"
"71","باتريك كوليسون","ok","celeb-071-q7146257.jpg","Patrick Collison","Q7146257","CC BY 2.0","https://creativecommons.org/licenses/by/2.0","https://commons.wikimedia.org/wiki/File:Patrick_Collison_(cropped).jpg"
"72","جون كوليسون","ok","celeb-072-q6259169.jpg","جون ستيوارت كوليس","Q6259169","Public domain","","https://commons.wikimedia.org/wiki/File:Portrait_of_John_Stewart_Collis_.PNG"
"73","برايان تشيسكي","ok","celeb-073-q4963341.jpg","براين تشيسكي","Q4963341","CC BY 2.0","https://creativecommons.org/licenses/by/2.0","https://commons.wikimedia.org/wiki/File:Brian_Chesky.jpg"
"74","دانييل إيك","ok","celeb-074-q351819.jpg","دانييل مايستوروفيتش","Q351819","CC BY 2.0","https://creativecommons.org/licenses/by/2.0","https://commons.wikimedia.org/wiki/File:Majstorovic_Nov2010.jpg"
"75","بافل دوروف","ok","celeb-075-q149067.jpg","بافل دوروف","Q149067","CC BY-SA 4.0","https://creativecommons.org/licenses/by-sa/4.0","https://commons.wikimedia.org/wiki/File:Pavel_Durov_sitting_portrait_(cropped).jpg"
"76","جان كوم","ok","celeb-076-q15737800.jpg","جان كوم","Q15737800","CC BY 2.0","https://creativecommons.org/licenses/by/2.0","https://commons.wikimedia.org/wiki/File:Jan_Koum_-_Whatsapp_-_4_Years_from_Now_(12791847664).jpg"
"77","إيفان شبيغل","ok","celeb-077-q15439301.jpg","إيفان شبيغل","Q15439301","CC BY-SA 2.0","https://creativecommons.org/licenses/by-sa/2.0","https://commons.wikimedia.org/wiki/File:Evan_Spiegel,_founder_of_Snapchat.jpg"
"78","فادي غندور","ok","celeb-078-q767061.jpg","فادي غندور","Q767061","CC BY-SA 4.0","https://creativecommons.org/licenses/by-sa/4.0","https://commons.wikimedia.org/wiki/File:Fadi_Ali_Ghandour.jpg"
"79","رونالدو مشحور","ok","celeb-079-q24248273.jpg","رونالدو مشحور","Q24248273","CC BY-SA 4.0","https://creativecommons.org/licenses/by-sa/4.0","https://commons.wikimedia.org/wiki/File:Ronaldo_Mouchawar.jpg"
"80","خلدون المبارك","ok","celeb-080-q515133.jpg","خلدون المبارك","Q515133","CC BY-SA 2.0","https://creativecommons.org/licenses/by-sa/2.0","https://commons.wikimedia.org/wiki/File:Khaldoon_Al_Mubarak.jpg"
"81","ياسر الرميان","ok","celeb-081-q64853380.jpg","ياسر الرميان","Q64853380","CC BY-SA 4.0","https://creativecommons.org/licenses/by-sa/4.0","https://commons.wikimedia.org/wiki/File:Yasir_Al-Rumayyan_Argentina_v_Spain_19_July_2026-285.jpg"
"82","حاتم دويدار","needs-review","","","","","",""
"83","عثمان سلطان","needs-review","","","","","",""
"84","نجيب ساويرس","ok","celeb-084-q1391723.jpg","نجيب ساويرس","Q1391723","CC BY-SA 3.0","https://creativecommons.org/licenses/by-sa/3.0","https://commons.wikimedia.org/wiki/File:Sawiris.jpg"
"85","ناصف ساويرس","ok","celeb-085-q7428648.jpg","أسرة ساويرس","Q7428648","CC BY-SA 3.0","https://creativecommons.org/licenses/by-sa/3.0","https://commons.wikimedia.org/wiki/File:Sawiris-I.png"
"86","يسعد ربراب","ok","celeb-086-q3155690.jpg","يسعد ربراب","Q3155690","CC BY-SA 3.0","https://creativecommons.org/licenses/by-sa/3.0","https://commons.wikimedia.org/wiki/File:Rebrab.jpg"
"87","عزيز أخنوش","ok","celeb-087-q1638114.jpg","عزيز أخنوش","Q1638114","CC BY 4.0","https://creativecommons.org/licenses/by/4.0","https://commons.wikimedia.org/wiki/File:Fumio_Kishida_and_Aziz_Akhannouch_before_the_funeral_of_Shinzo_Abe_(1)_(cropped).jpg"
"88","محمد العبار","ok","celeb-088-q4120392.jpg","محمد بن علي العبار","Q4120392","CC0","http://creativecommons.org/publicdomain/zero/1.0/deed.en","https://commons.wikimedia.org/wiki/File:Alabbar_new.jpg"
"89","عبد العزيز الغرير","ok","celeb-089-q308526.jpg","عبد العزيز الغرير","Q308526","CC BY-SA 3.0","https://creativecommons.org/licenses/by-sa/3.0","https://commons.wikimedia.org/wiki/File:H_E_Abdul_Aziz_Al_Ghurair_pic.jpg"
"90","صالح كامل","ok","celeb-090-q2214134.jpg","صالح كامل","Q2214134","Public domain","","https://commons.wikimedia.org/wiki/File:Naissance_du_projet_de_r%C3%A9am%C3%A9nagement_des_lagunes_des_berges_du_Lac.jpg"
"91","وليد آل إبراهيم","ok","celeb-091-q7961696.jpg","وليد الإبراهيم","Q7961696","CC BY-SA 4.0","https://creativecommons.org/licenses/by-sa/4.0","https://commons.wikimedia.org/wiki/File:Mbc_group-_chairman_sheikh_waleed_bin_ibrahim_al-ibrahim_3.jpg"
"92","سليمان الحبيب","ok","celeb-092-q7635956.jpg","سليمان الحبيب","Q7635956","CC BY-SA 3.0","https://creativecommons.org/licenses/by-sa/3.0","https://commons.wikimedia.org/wiki/File:Dr.Sulaiman_Al_Habib.jpg"
"93","ماجد الفطيم","ok","celeb-093-q18719266.jpg","ماجد الفطيم","Q18719266","CC BY-SA 4.0","https://creativecommons.org/licenses/by-sa/4.0","https://commons.wikimedia.org/wiki/File:MajidFuttaimSheikhRashid.png"
"94","حسين سجواني","ok","celeb-094-q5949568.jpg","حسين سجواني","Q5949568","CC0","http://creativecommons.org/publicdomain/zero/1.0/deed.en","https://commons.wikimedia.org/wiki/File:Hussain_Sajwani.jpg"
"95","خلف الحبتور","ok","celeb-095-q21063901.jpg","محمد الحبتور","Q21063901","CC BY-SA 4.0","https://creativecommons.org/licenses/by-sa/4.0","https://commons.wikimedia.org/wiki/File:Mohammed_Al_Habtoor.JPG"
"96","طلال أبو غزالة","ok","celeb-096-q265812.jpg","طلال أبو غزالة","Q265812","CC BY 2.0","https://creativecommons.org/licenses/by/2.0","https://commons.wikimedia.org/wiki/File:Talal_Abu-Ghazaleh.jpg"
"97","معتز الألفي","needs-review","","","","","",""
"98","زياد يوسف","ok","celeb-098-q3575465.jpg","زياد الرحباني","Q3575465","CC BY-SA 3.0","https://creativecommons.org/licenses/by-sa/3.0","https://commons.wikimedia.org/wiki/File:Ziad_rahbani_2001.jpg"
"99","غادة المطيري","ok","celeb-099-q16125107.jpg","غادة المطيري","Q16125107","Public domain","","https://commons.wikimedia.org/wiki/File:%D8%BA%D8%A7%D8%AF%D9%87_%D8%A7%D9%84%D9%85%D8%B7%D9%8A%D8%B1%D9%8A.jpg"
"100","مريم مطر","ok","celeb-100-q20424559.jpg","مريم مطر","Q20424559","CC BY 3.0","https://creativecommons.org/licenses/by/3.0","https://commons.wikimedia.org/wiki/File:Maryam_Matar,_INDEX_Holding.jpg"
"101","وارن بافت","ok","celeb-101-q47213.jpg","وارن بافت","Q47213","Public domain","","https://commons.wikimedia.org/wiki/File:Warren_Buffett_at_the_2015_SelectUSA_Investment_Summit_(cropped).jpg"
"102","تشارلي مانجر","ok","celeb-102-q918630.jpg","Charlie Munger","Q918630","CC BY 2.0","https://creativecommons.org/licenses/by/2.0","https://commons.wikimedia.org/wiki/File:Charlie_Munger_(cropped).jpg"
"103","برنار أرنو","ok","celeb-103-q32055.jpg","برنار أرنو","Q32055","CC BY-SA 2.0","https://creativecommons.org/licenses/by-sa/2.0","https://commons.wikimedia.org/wiki/File:Bernard_Arnault_(3)_-_2017_(cropped).jpg"
"104","أمانسيو أورتيغا","needs-review","","","","","",""
"105","موكيش أمباني","ok","celeb-105-q298547.jpg","موكيش أمباني","Q298547","CC BY-SA 2.0","https://creativecommons.org/licenses/by-sa/2.0","https://commons.wikimedia.org/wiki/File:Mukesh_Ambani.jpg"
"106","غوتام أدارني","needs-review","","","","","",""
"107","فرانسواز بيتنكور مايرز","needs-review","","","","","",""
"108","كريستالينا غورغييفا","ok","celeb-108-q265277.jpg","Kristalina Georgieva","Q265277","CC BY-SA 4.0","https://creativecommons.org/licenses/by-sa/4.0","https://commons.wikimedia.org/wiki/File:Kristalina_Georgieva_Headshot.jpg"
"109","نجوزي أكونجو أيويلا","needs-review","","","","","",""
"110","جيروم باول","ok","celeb-110-q6182718.jpg","جيروم باول","Q6182718","Public domain","","https://commons.wikimedia.org/wiki/File:Jerome_H._Powell,_Federal_Reserve_Chair.jpg"
"111","كريستين لاغارد","ok","celeb-111-q484605.jpg","كريستين لاغارد","Q484605","Public domain","","https://commons.wikimedia.org/wiki/File:Lagarde,_Christine_(official_portrait_2011).jpg"
"112","مسعود أحمد","ok","celeb-112-q200029.jpg","أحمد شاه مسعود","Q200029","Attribution","","https://commons.wikimedia.org/wiki/File:Ahmad_Shah_Massoud_EP_2001_(5)_(cropped).jpg"
"113","محمود محيي الدين","ok","celeb-113-q738935.jpg","محمود محيي الدين","Q738935","CC BY 3.0","https://creativecommons.org/licenses/by/3.0","https://commons.wikimedia.org/wiki/File:Mahmoud_Mohieldin.png"
"114","جهاد أزعور","ok","celeb-114-q3178636.jpg","جهاد أزعور","Q3178636","CC BY-SA 4.0","https://creativecommons.org/licenses/by-sa/4.0","https://commons.wikimedia.org/wiki/File:Jihad_Azour_(cropped).png"
"115","محمد العريان","ok","celeb-115-q221296.jpg","محمد عبد الله العريان","Q221296","CC BY-SA 2.0","https://creativecommons.org/licenses/by-sa/2.0","https://commons.wikimedia.org/wiki/File:Mohamed_A._El-Erian_(cropped).jpg"
"116","نورييل روبيني","error","","","","","",""
"117","توماس بيكيتي","ok","celeb-117-q984448.jpg","طوما بيكيتي","Q984448","CC BY-SA 3.0","https://creativecommons.org/licenses/by-sa/3.0","https://commons.wikimedia.org/wiki/File:Piketty_in_Cambridge_3_crop.jpg"
"118","إستير دوفلو","ok","celeb-118-q434509.jpg","إستير دوفلو","Q434509","CC BY-SA 2.0","https://creativecommons.org/licenses/by-sa/2.0","https://commons.wikimedia.org/wiki/File:Esther_Duflo_-_Pop!Tech_2009_-_001_(cropped).jpg"
"119","أبهيجيت بانيرجي","ok","celeb-119-q320578.jpg","أبهيجيت بانيرجي","Q320578","CC BY 4.0","https://creativecommons.org/licenses/by/4.0","https://commons.wikimedia.org/wiki/File:Abhijit_Banerjee_at_the_2025_Jaipur_Literature_Festival.jpg"
"120","مايكل بلومبرغ","ok","celeb-120-q607.jpg","مايكل بلومبيرغ","Q607","CC0","http://creativecommons.org/publicdomain/zero/1.0/deed.en","https://commons.wikimedia.org/wiki/File:Mike_Bloomberg_Headshot.jpg"
"121","جيمس غورمان","ok","celeb-121-q6140775.jpg","James P. Gorman","Q6140775","CC BY 3.0","https://creativecommons.org/licenses/by/3.0","https://commons.wikimedia.org/wiki/File:JamesPGorman2016.jpg"
"122","جيمي ديمون","ok","celeb-122-q922169.jpg","جيمي ديمون","Q922169","OGL 3","http://www.nationalarchives.gov.uk/doc/open-government-licence/version/3","https://commons.wikimedia.org/wiki/File:Chancellor_Rachel_Reeves_meets_Jamie_Dimon_(54838700663)_(cropped).jpg"
"123","لاري فينك","ok","celeb-123-q3218882.jpg","Larry Fink","Q3218882","CC BY 4.0","https://creativecommons.org/licenses/by/4.0","https://commons.wikimedia.org/wiki/File:Larry_Fink_with_Valdis_Dombrovskis_(cropped).jpg"
"124","كين غريفين","ok","celeb-124-q5365718.jpg","كين غريفي سينيور","Q5365718","Public domain","","https://commons.wikimedia.org/wiki/File:Ken_Griffey_Sr._-_Cincinnati_Reds.jpg"
"125","ستيف شوارزمان","ok","celeb-125-q552465.jpg","Stephen A. Schwarzman","Q552465","CC BY-SA 2.0","https://creativecommons.org/licenses/by-sa/2.0","https://commons.wikimedia.org/wiki/File:DBT_Magdalen_College,_Oxford_%26_Stephen_Schwarzman_19_March_2024-5_-_53600715712_(cropped).jpg"
"126","أحمد زويل","ok","celeb-126-q106624.jpg","أحمد زويل","Q106624","CC BY-SA 3.0","https://creativecommons.org/licenses/by-sa/3.0","https://commons.wikimedia.org/wiki/File:Ahmed_Zewail_HD2009_Othmer_Gold_Medal_portrait.JPG"
"127","مجدي يعقوب","ok","celeb-127-q2919015.jpg","مجدي يعقوب","Q2919015","CC BY-SA 3.0","https://creativecommons.org/licenses/by-sa/3.0","https://commons.wikimedia.org/wiki/File:M_Yacoub.JPG"
"128","فاروق الباز","ok","celeb-128-q1750619.jpg","فاروق الباز","Q1750619","Public domain","","https://commons.wikimedia.org/wiki/File:F_Al-Baz.jpg"
"129","سليم الحسني","ok","celeb-129-q7404549.jpg","سليم الحسني","Q7404549","CC BY-SA 4.0","https://creativecommons.org/licenses/by-sa/4.0","https://commons.wikimedia.org/wiki/File:Prof-salim-al-hassani.png"
"130","منير نايفة","needs-review","","","","","",""
"131","عصام حجي","error","","","","","",""
"132","علي مصطفى مشرفة","error","","","","","",""
"133","شادي زعتري","error","","","","","",""
"134","جنيفر دودنا","error","","","","","",""
"135","إيمانويل شاربنتييه","ok","celeb-135-q17280087.jpg","إيمانويل شاربنتييه","Q17280087","CC BY-SA 4.0","https://creativecommons.org/licenses/by-sa/4.0","https://commons.wikimedia.org/wiki/File:Emmanuelle_Charpentier.jpg"
"136","كالانتي كيريكو (كاتالين كاريكو)","needs-review","celeb-136-q167651.jpg","ماوية","Q167651","Public domain","","https://commons.wikimedia.org/wiki/File:Maoflag1.PNG"
"137","درو وايس my","needs-review","celeb-137-q168992.jpg","جيسيكا سمبسون","Q168992","Public domain","","https://commons.wikimedia.org/wiki/File:Jessica_Simpson_Joining_Forces_with_the_Rockies_April_2011_(cropped).jpg"
"138","أورغور شاهين","needs-review","","","","","",""
"139","أوزليم توريتشي","ok","celeb-139-q92379963.jpg","أوزليم توريشي","Q92379963","CC BY-SA 4.0","https://creativecommons.org/licenses/by-sa/4.0","https://commons.wikimedia.org/wiki/File:Ozlem_Tureci_v1.jpg"
"140","أنتوني فاوتشي","ok","celeb-140-q573246.jpg","أنتوني فاوتشي","Q573246","Public domain","","https://commons.wikimedia.org/wiki/File:Anthony_Fauci_2020.jpg"
"141","كيب ثورن","ok","celeb-141-q323320.jpg","كيب ثورن","Q323320","CC BY-SA 3.0","https://creativecommons.org/licenses/by-sa/3.0","https://commons.wikimedia.org/wiki/File:Kip_Thorne_at_Caltech.jpg"
"142","أندريه جيم","ok","celeb-142-q104104.jpg","أندريه غييم","Q104104","CC BY-SA 3.0","https://creativecommons.org/licenses/by-sa/3.0","https://commons.wikimedia.org/wiki/File:Andre_Geim_2010-1.jpg"
"143","موشينغ تشانغ","needs-review","","","","","",""
"144","ميتشيو كاكو","ok","celeb-144-q486882.jpg","ميتشيو كاكو","Q486882","CC BY-SA 2.0","https://creativecommons.org/licenses/by-sa/2.0","https://commons.wikimedia.org/wiki/File:Michio_Kaku_in_2012.jpg"
"145","نيل ديغراس تايسون","ok","celeb-145-q310903.jpg","نيل ديجراس تايسون","Q310903","CC BY-SA 2.0","https://creativecommons.org/licenses/by-sa/2.0","https://commons.wikimedia.org/wiki/File:Neil_deGrasse_Tyson_in_June_2017_(cropped).jpg"
"146","براين كوكس","ok","celeb-146-q34975.jpg","براين كوكس","Q34975","CC BY-SA 4.0","https://creativecommons.org/licenses/by-sa/4.0","https://commons.wikimedia.org/wiki/File:Brian_Cox_Edinburgh_2025.jpg"
"147","سارة الأميري","ok","celeb-147-q28714779.jpg","سارة بنت يوسف الأميري","Q28714779","CC BY-SA 4.0","https://creativecommons.org/licenses/by-sa/4.0","https://commons.wikimedia.org/wiki/File:Sarah_Amiri_-_Sustaining_the_Space_Economy_-_2019_(48177030097)_(cropped_again).jpg"
"148","حنان بلخي","needs-review","celeb-148-q3561501.jpg","إسحاق بن حنين","Q3561501","Public domain","","https://commons.wikimedia.org/wiki/File:Illustrated_Opening._Arabic_Translation_of_Euclid%27s_Elementa_(CBL_Ar_3035,_ff.105b-106a).jpg"
"149","أسمهان الوافي","ok","celeb-149-q49998900.jpg","أسمهان الوافي","Q49998900","CC BY 2.0","https://creativecommons.org/licenses/by/2.0","https://commons.wikimedia.org/wiki/File:Belgian_Presidency_of_the_Council_of_the_European_Union_-_EU2024BE_240523_Innovation_A_Key_for_Sustainable_Food_System_Transformation_in_Africa_Enabel_JNZT_0125_(53741529220).jpg"
"150","هدى الزغبي","ok","celeb-150-q1633764.jpg","هدى الزغبي","Q1633764","CC BY 3.0","https://creativecommons.org/licenses/by/3.0","https://commons.wikimedia.org/wiki/File:Huda_Zoghbi.jpg"
"151","نجيب محفوظ","ok","celeb-151-q7176.jpg","نجيب محفوظ","Q7176","Public domain","","https://commons.wikimedia.org/wiki/File:Naguib_Mahfouz_HR.jpg"
"152","أورخان باموق","error","","","","","",""
"153","عبد الرزاق قرنح","ok","celeb-153-q317877.jpg","عبد الرزاق قرنح","Q317877","CC BY-SA 4.0","https://creativecommons.org/licenses/by-sa/4.0","https://commons.wikimedia.org/wiki/File:Abdulrazak_Gurnah_2025.jpg"
"154","أني إرنو","ok","celeb-154-q1153825.jpg","آني إرنو","Q1153825","CC BY-SA 4.0","https://creativecommons.org/licenses/by-sa/4.0","https://commons.wikimedia.org/wiki/File:Annie_Ernaux_in_2022_(5_av_11).jpg"
"155","هان كانغ","ok","celeb-155-q5646626.jpg","هان كانغ","Q5646626","CC BY-SA 4.0","https://creativecommons.org/licenses/by-sa/4.0","https://commons.wikimedia.org/wiki/File:Han_Kang,_2024_Nobel_Prize_Laureate_in_Literature_(cropped).jpg"
"156","أمين معلوف","ok","celeb-156-q115243.jpg","أمين معلوف","Q115243","CC BY-SA 4.0","https://creativecommons.org/licenses/by-sa/4.0","https://commons.wikimedia.org/wiki/File:Amin_Maalouf_05.jpg"
"157","أدونيس (علي أحمد سعيد إسبر)","ok","celeb-157-q380787.jpg","أدونيس (شاعر)","Q380787","CC BY-SA 4.0","https://creativecommons.org/licenses/by-sa/4.0","https://commons.wikimedia.org/wiki/File:Adonis_2016.jpg"
"158","أحلام مستغانمي","error","","","","","",""
"159","واسيني الأعرج","error","","","","","",""
"160","إبراهيم الكوني","error","","","","","",""
"161","علاء الأسواني","error","","","","","",""
"162","سنان أنطون","error","","","","","",""
"163","إبراهيم نصر الله","error","","","","","",""
"164","سعود السنعوسي","error","","","","","",""
"165","بثينة العيسى","ok","celeb-165-q6741658.jpg","بثينة العيسى","Q6741658","CC BY-SA 4.0","https://creativecommons.org/licenses/by-sa/4.0","https://commons.wikimedia.org/wiki/File:Bothayna_AlEssa_01.jpg"
"166","رجاء عالم","ok","celeb-166-q459877.jpg","رجاء عالم","Q459877","CC BY-SA 3.0","https://creativecommons.org/licenses/by-sa/3.0","https://commons.wikimedia.org/wiki/File:Mohammed_Achaari_and_Rajaa_Alem,_joint_winners_of_the_2011_Arabic_Booker_Prize.jpg"
"167","رضوى عاشور","needs-review","celeb-167-q3029164.jpg","تميم البرغوثي","Q3029164","CC BY-SA 4.0","https://creativecommons.org/licenses/by-sa/4.0","https://commons.wikimedia.org/wiki/File:%D8%AA%D9%85%D9%8A%D9%85_%D8%A7%D9%84%D8%A8%D8%B1%D8%BA%D9%88%D8%AB%D9%8A.jpg"
"168","يوفال نوح هراري","ok","celeb-168-q2484404.jpg","يوفال نوح هراري","Q2484404","CC BY-SA 4.0","https://creativecommons.org/licenses/by-sa/4.0","https://commons.wikimedia.org/wiki/File:MKr364751_Yuval_Noah_Harari_(Frankfurter_Buchmesse_2024).jpg"
"169","سلافوي جيجك","ok","celeb-169-q184750.jpg","سلافوي جيجك","Q184750","CC BY-SA 2.0","https://creativecommons.org/licenses/by-sa/2.0","https://commons.wikimedia.org/wiki/File:Slavoj_Zizek_in_Liverpool_cropped.jpg"
"170","ناعوم تشومسكي","error","","","","","",""
"171","نعيم طاهر","error","","","","","",""
"172","فهمي جدعان","error","","","","","",""
"173","رضوان السيد","error","","","","","",""
"174","طارق رمضان","error","","","","","",""
"175","طلال أسد","error","","","","","",""
"176","فيروز","ok","celeb-176-q3247658.jpg","فيروز (مغنية)","Q3247658","Public domain","","https://commons.wikimedia.org/wiki/File:Fairuz_1971.jpg"
"177","مارسيل خليفة","ok","celeb-177-q1346218.jpg","مارسيل خليفة","Q1346218","CC BY-SA 3.0","https://creativecommons.org/licenses/by-sa/3.0","https://commons.wikimedia.org/wiki/File:%D9%85%D8%A7%D8%B1%D8%B3%D9%8A%D9%84_%D8%B9%D9%84%D9%89_%D8%A7%D9%84%D8%B9%D9%88%D8%AF-2.jpg"
"178","كاظم الساهر","ok","celeb-178-q1362223.jpg","كاظم الساهر","Q1362223","Public domain","","https://commons.wikimedia.org/wiki/File:Kazem_Main.jpg"
"179","ماجدة الرومي","ok","celeb-179-q1756790.jpg","ماجدة الرومي","Q1756790","CC BY-SA 1.0","https://creativecommons.org/licenses/by-sa/1.0","https://commons.wikimedia.org/wiki/File:Majida_El_Roumi_in_a_portrait_from_1994.jpg"
"180","محمد عبده","ok","celeb-180-q311826.jpg","محمد عبده","Q311826","Public domain","","https://commons.wikimedia.org/wiki/File:Muhammad_Abduh.jpg"
"181","عبد المجيد عبد الله","error","","","","","",""
"182","أصالة نصري","error","","","","","",""
"183","عمرو دياب","error","","","","","",""
"184","أحلام الشامسي","error","","","","","",""
"185","حسين الجسمي","error","","","","","",""
"186","سعاد حسني","error","","","","","",""
"187","عادل إمام","error","","","","","",""
"188","يسرا","error","","","","","",""
"189","منى زكي","error","","","","","",""
"190","هند صبري","error","","","","","",""
"191","باسل خياط","error","","","","","",""
"192","قصي خولي","error","","","","","",""
"193","تيم حسن","error","","","","","",""
"194","نادين نسيب نجيم","error","","","","","",""
"195","ظافر العابدين","ok","celeb-195-q3025678.jpg","ظافر العابدين","Q3025678","CC BY 3.0","https://creativecommons.org/licenses/by/3.0","https://commons.wikimedia.org/wiki/File:Zafer_Abdin.jpg"
"196","نادين لبكي","ok","celeb-196-q266539.jpg","نادين لبكي","Q266539","CC BY 4.0","https://creativecommons.org/licenses/by/4.0","https://commons.wikimedia.org/wiki/File:Nadine_Labaki_by_Matteo_Chinellato_(cropped).jpg"
"197","ميسلون هادي","ok","celeb-197-q124304455.jpg","ميسلون فاخر","Q124304455","CC BY 4.0","https://creativecommons.org/licenses/by/4.0","https://commons.wikimedia.org/wiki/File:Maysaloon_Fakher.jpg"
"198","مصطفى العقاد","ok","celeb-198-q380471.jpg","مصطفى العقاد","Q380471","Public domain","","https://commons.wikimedia.org/wiki/File:Akkad-Risalah.jpg"
"199","كريستوفر نولان","ok","celeb-199-q25191.jpg","كريستوفر نولان","Q25191","CC BY-SA 4.0","https://creativecommons.org/licenses/by-sa/4.0","https://commons.wikimedia.org/wiki/File:ChristopherNolan-byPhilipRomano_(cropped).jpg"
"200","ستيفن سبيلبرغ","error","","","","","",""
"201","مارتن سكورسيزي","error","","","","","",""
"202","كوينتن تارانتينو","error","","","","","",""
"203","هانس زيمر","error","","","","","",""
"204","بوب ديلان","error","","","","","",""
"205","تايلور سويفت","error","","","","","",""
"206","بيونسيه","error","","","","","",""
"207","ريهانا","error","","","","","",""
"208","كيم كارداشيان","error","","","","","",""
"209","أوبرا وينفري","error","","","","","",""
"210","عمرو أديب","error","","","","","",""
"211","خديجة بن قنة","error","","","","","",""
"212","فيصل القاسم","ok","celeb-212-q390072.jpg","فيصل القاسم","Q390072","CC BY-SA 3.0","https://creativecommons.org/licenses/by-sa/3.0","https://commons.wikimedia.org/wiki/File:Faisal_al-Qasim.jpg"
"213","مصطفى الأغا","ok","celeb-213-q12243326.jpg","مصطفى الآغا","Q12243326","CC BY-SA 4.0","https://creativecommons.org/licenses/by-sa/4.0","https://commons.wikimedia.org/wiki/File:Mostapha_Agha.png"
